<hotbar>
    <all-jobs-default>
        <hotbar_4>
            <slot_8>
                <icon>Khajit/bubble</icon>
                <type>ex</type>
                <action>Khajit/bubble</action>
                <alias>placeholder</alias>

            </slot_8>
            <slot_1>
                <icon>Khajit/bubble</icon>
                <type>ex</type>
                <action>Khajit/bubble</action>
                <alias>placeholder</alias>

            </slot_1>
            <slot_9></slot_9>

        </hotbar_4>
        <name>All Jobs Default</name>
        <hotbar_1>
            <slot_5>
                <icon>Khajit/berserk</icon>
                <type>ex</type>
                <action>Khajit/berserk</action>
                <alias>placeholder</alias>

            </slot_5>
            <slot_1>
                <icon>Khajit/Idle</icon>
                <type>ex</type>
                <action>Khajit/Idle</action>
                <alias>placeholder</alias>

            </slot_1>
            <slot_9></slot_9>

        </hotbar_1>
        <hotbar_3>
            <slot_8>
                <icon>Khajit/hybrid</icon>
                <type>ex</type>
                <action>Khajit/hybrid</action>
                <alias>placeholder</alias>

            </slot_8>
            <slot_1>
                <icon>Khajit/flee</icon>
                <type>ex</type>
                <action>Khajit/flee</action>
                <alias>placeholder</alias>

            </slot_1>
            <slot_9></slot_9>

        </hotbar_3>
        <hotbar_2>
            <slot_6>
                <icon>Khajit/cycle</icon>
                <type>ex</type>
                <action>Khajit/cycle</action>
                <alias>placeholder</alias>

            </slot_6>
            <slot_4>
                <icon>Khajit/choco-def</icon>
                <type>ex</type>
                <action>Khajit/choco-def</action>
                <alias>placeholder</alias>

            </slot_4>
            <slot_9></slot_9>

        </hotbar_2>

    </all-jobs-default>

</hotbar>
