<hotbar>
    <job-default>
        <hotbar_4>
            <slot_9></slot_9>
            <slot_7>
                <target>me</target>
                <type>ja</type>
                <action>Clarion Call</action>
                <alias>Clarion Call</alias>

            </slot_7>
            <slot_6>
                <target>me</target>
                <type>ja</type>
                <action>Nightingale</action>
                <alias>Nightingale</alias>

            </slot_6>
            <slot_3>
                <target>me</target>
                <type>ma</type>
                <action>Warding Round</action>
                <alias>Warding Round</alias>

            </slot_3>
            <slot_4>
                <target>me</target>
                <type>ma</type>
                <action>Fowl Aubade</action>
                <alias>Fowl Aubade</alias>

            </slot_4>
            <slot_5>
                <target>me</target>
                <type>ja</type>
                <action>Troubadour</action>
                <alias>Troubadour</alias>

            </slot_5>
            <slot_8>
                <target>me</target>
                <type>ja</type>
                <action>Soul Voice</action>
                <alias>Soul Voice</alias>

            </slot_8>
            <slot_2>
                <icon>abilities/camouflage</icon>
                <type>ex</type>
                <action>gs c cycle CastingMode</action>
                <alias>CastingMode</alias>

            </slot_2>
            <slot_1>
                <icon>khajit/idle</icon>
                <type>ex</type>
                <action>gs c cycle IdleMode</action>
                <alias>Idle Cycle</alias>

            </slot_1>

        </hotbar_4>
        <name>Job Default</name>
        <hotbar_1>
            <slot_9></slot_9>
            <slot_7>
                <target>me</target>
                <type>ma</type>
                <action>Valor Minuet V</action>
                <alias>Valor Minuet V</alias>

            </slot_7>
            <slot_6>
                <target>me</target>
                <type>ma</type>
                <action>Valor Minuet IV</action>
                <alias>Valor Minuet IV</alias>

            </slot_6>
            <slot_3>
                <target>me</target>
                <type>ma</type>
                <action>Victory March</action>
                <alias>Victory March</alias>

            </slot_3>
            <slot_4>
                <target>me</target>
                <type>ja</type>
                <action>Marcato</action>
                <alias>Marcato</alias>

            </slot_4>
            <slot_5>
                <target>me</target>
                <type>ma</type>
                <action>Valor Minuet III</action>
                <alias>Valor Minuet III</alias>

            </slot_5>
            <slot_8>
                <target>me</target>
                <type>ma</type>
                <action>Honor March</action>
                <alias>Honor March</alias>

            </slot_8>
            <slot_2>
                <target>me</target>
                <type>ma</type>
                <action>Mage&apos;s Ballad III</action>
                <alias>Mage&apos;s Ballad III</alias>

            </slot_2>
            <slot_1>
                <target>me</target>
                <type>ja</type>
                <action>Pianissimo</action>
                <alias>Pianissimo</alias>

            </slot_1>

        </hotbar_1>
        <hotbar_3>
            <slot_6>
                <target>me</target>
                <type>ma</type>
                <action>Chocobo Mazurka</action>
                <alias>Chocobo Mazurka</alias>

            </slot_6>
            <slot_7>
                <target>stnpc</target>
                <type>ma</type>
                <action>Horde Lullaby II</action>
                <alias>Horde Lullaby II</alias>

            </slot_7>
            <slot_9></slot_9>
            <slot_5>
                <target>stnpc</target>
                <type>ma</type>
                <action>Horde Lullaby</action>
                <alias>Horde Lullaby</alias>

            </slot_5>
            <slot_8>
                <target>me</target>
                <type>ma</type>
                <action>Utsusemi: Ni</action>
                <alias>Utsusemi: Ni</alias>

            </slot_8>
            <slot_4>
                <target>stnpc</target>
                <type>ma</type>
                <action>Magic Finale</action>
                <alias>Magic Finale</alias>

            </slot_4>
            <slot_3>
                <target>stnpc</target>
                <type>ma</type>
                <action>Carnage Elegy</action>
                <alias>Carnage Elegy</alias>

            </slot_3>

        </hotbar_3>
        <hotbar_2>
            <slot_6>
                <target>t</target>
                <type>ws</type>
                <action>Evisceration</action>
                <alias>Evisceration</alias>

            </slot_6>
            <slot_9></slot_9>
            <slot_5>
                <target>t</target>
                <type>ws</type>
                <action>Savage Blade</action>
                <alias>Savage Blade</alias>

            </slot_5>
            <slot_8>
                <target>t</target>
                <type>ws</type>
                <action>Aeolian Edge</action>
                <alias>Aeolian Edge</alias>

            </slot_8>
            <slot_7>
                <target>t</target>
                <type>ws</type>
                <action>Rudra&apos;s Storm</action>
                <alias>Rudra&apos;s Storm</alias>

            </slot_7>
            <slot_3>
                <icon>mounts/moogle</icon>
                <type>ex</type>
                <action>tp</action>
                <alias>TP</alias>

            </slot_3>

        </hotbar_2>

    </job-default>

</hotbar>
