<hotbar>
    <ranged>
        <hotbar_4>
            <slot_3>
                <icon>khajit/choco-def</icon>
                <type>ex</type>
                <action>gs c cycle PhysicalDefenseMode</action>
                <alias>DT mode</alias>

            </slot_3>
            <slot_9></slot_9>
            <slot_7>
                <target>me</target>
                <type>ja</type>
                <action>Fold</action>
                <alias>Fold</alias>

            </slot_7>
            <slot_4>
                <icon>khajit/choco-def</icon>
                <type>ex</type>
                <action>gs c cycle HybridMode</action>
                <alias>Hybrid mode</alias>

            </slot_4>
            <slot_2>
                <icon>khajit/cycle</icon>
                <type>ex</type>
                <action>gs c cycle offensemode</action>
                <alias>Accuracy</alias>

            </slot_2>
            <slot_1>
                <icon>khajit/idle</icon>
                <type>ex</type>
                <action>gs c cycle IdleMode</action>
                <alias>Idle Cycle</alias>

            </slot_1>

        </hotbar_4>
        <name>Ranged</name>
        <hotbar_1>
            <slot_2>
                <type>ja</type>
                <action>Chaos Roll</action>
                <target>me</target>
                <alias>Chaos Roll</alias>
                <icon>abilities/aggressor</icon>

            </slot_2>
            <slot_7>
                <target>me</target>
                <type>ja</type>
                <action>Double-Up</action>
                <alias>Double-Up</alias>

            </slot_7>
            <slot_6>
                <type>ja</type>
                <action>Random Deal</action>
                <target>me</target>
                <alias>Random Deal</alias>
                <icon>abilities/aggressor</icon>

            </slot_6>
            <slot_1>
                <target>me</target>
                <type>ja</type>
                <action>Bolter&apos;s Roll</action>
                <alias>Bolter&apos;s Roll</alias>

            </slot_1>
            <slot_4>
                <target>me</target>
                <type>ja</type>
                <action>Crooked Cards</action>
                <alias>Crooked Cards</alias>

            </slot_4>
            <slot_5>
                <icon>jobs/SAM</icon>
                <type>ex</type>
                <action>jobs/SAM</action>
                <alias>placeholder</alias>

            </slot_5>
            <slot_8>
                <target>me</target>
                <type>ja</type>
                <action>Snake Eye</action>
                <alias>Snake Eye</alias>

            </slot_8>
            <slot_9></slot_9>
            <slot_3>
                <type>ja</type>
                <action>Samurai Roll</action>
                <target>me</target>
                <alias>Samurai Roll</alias>
                <icon>jobs/SAM</icon>

            </slot_3>

        </hotbar_1>
        <hotbar_3>
            <slot_3>
                <type>ct</type>
                <action>ra</action>
                <target>t</target>
                <alias>Ranged Attack</alias>
                <icon>ranged</icon>

            </slot_3>
            <slot_6>
                <target>t</target>
                <type>ws</type>
                <action>Wildfire</action>
                <alias>Wildfire</alias>

            </slot_6>
            <slot_4>
                <icon>khajit/guncycle</icon>
                <type>ex</type>
                <action>gs c cycle Gun</action>
                <alias>Gun</alias>

            </slot_4>
            <slot_9></slot_9>
            <slot_7>
                <target>t</target>
                <type>ws</type>
                <action>Flat Blade</action>
                <alias>Flat Blade</alias>

            </slot_7>
            <slot_8>
                <target>me</target>
                <type>ma</type>
                <action>Utsusemi: Ni</action>
                <alias>Utsusemi: Ni</alias>

            </slot_8>
            <slot_2>
                <target>me</target>
                <type>item</type>
                <action>Remedy</action>
                <alias>Remedy</alias>

            </slot_2>
            <slot_1>
                <target>me</target>
                <type>item</type>
                <action>El. Pachira Fruit</action>
                <alias>El. Pachira Fruit</alias>

            </slot_1>

        </hotbar_3>
        <hotbar_2>
            <slot_9></slot_9>
            <slot_7>
                <target>t</target>
                <type>ws</type>
                <action>Evisceration</action>
                <alias>Evisceration</alias>

            </slot_7>
            <slot_6>
                <target>t</target>
                <type>ws</type>
                <action>Leaden Salute</action>
                <alias>Leaden Salute</alias>

            </slot_6>
            <slot_3>
                <icon>Khajit/qd</icon>
                <type>ex</type>
                <action>gs c cycle altqd</action>
                <alias>QD2</alias>

            </slot_3>
            <slot_4>
                <icon>Khajit/qd</icon>
                <type>ex</type>
                <action>gs c cycle mainqd</action>
                <alias>QD1</alias>

            </slot_4>
            <slot_5>
                <target>t</target>
                <type>ws</type>
                <action>Savage Blade</action>
                <alias>Savage Blade</alias>

            </slot_5>
            <slot_8>
                <target>t</target>
                <type>ws</type>
                <action>Last Stand</action>
                <alias>Last Stand</alias>

            </slot_8>
            <slot_2>
                <icon>Khajit/cycle</icon>
                <type>ex</type>
                <action>gs c qd</action>
                <alias>Quick Draw</alias>

            </slot_2>
            <slot_1>
                <icon>Khajit/qd</icon>
                <type>ex</type>
                <action>gs c toggle usealtqd</action>
                <alias>QD toggle</alias>

            </slot_1>

        </hotbar_2>

    </ranged>
    <qol>
        <hotbar_4>
            <slot_2></slot_2>
            <slot_7></slot_7>
            <slot_6></slot_6>
            <slot_3></slot_3>
            <slot_4></slot_4>
            <slot_5></slot_5>
            <slot_8></slot_8>
            <slot_9></slot_9>
            <slot_1></slot_1>

        </hotbar_4>
        <name>Qol</name>
        <hotbar_1>
            <slot_2></slot_2>
            <slot_7></slot_7>
            <slot_6></slot_6>
            <slot_3></slot_3>
            <slot_4></slot_4>
            <slot_5></slot_5>
            <slot_8></slot_8>
            <slot_9></slot_9>
            <slot_1></slot_1>

        </hotbar_1>
        <hotbar_3>
            <slot_2></slot_2>
            <slot_7></slot_7>
            <slot_6></slot_6>
            <slot_3></slot_3>
            <slot_4></slot_4>
            <slot_5></slot_5>
            <slot_8></slot_8>
            <slot_9></slot_9>
            <slot_1></slot_1>

        </hotbar_3>
        <hotbar_2>
            <slot_2></slot_2>
            <slot_7></slot_7>
            <slot_6></slot_6>
            <slot_3></slot_3>
            <slot_4></slot_4>
            <slot_5></slot_5>
            <slot_8></slot_8>
            <slot_9></slot_9>
            <slot_1></slot_1>

        </hotbar_2>

    </qol>
    <basic>
        <hotbar_4>
            <slot_3>
                <icon>khajit/choco-def</icon>
                <type>ex</type>
                <action>gs c cycle PhysicalDefenseMode</action>
                <alias>DT mode</alias>

            </slot_3>
            <slot_9></slot_9>
            <slot_7>
                <target>me</target>
                <type>ja</type>
                <action>Fold</action>
                <alias>Fold</alias>

            </slot_7>
            <slot_4>
                <icon>khajit/choco-def</icon>
                <type>ex</type>
                <action>gs c cycle HybridMode</action>
                <alias>Hybrid mode</alias>

            </slot_4>
            <slot_2>
                <icon>khajit/cycle</icon>
                <type>ex</type>
                <action>gs c cycle offensemode</action>
                <alias>Accuracy</alias>

            </slot_2>
            <slot_1>
                <icon>khajit/idle</icon>
                <type>ex</type>
                <action>gs c cycle IdleMode</action>
                <alias>Idle Cycle</alias>

            </slot_1>

        </hotbar_4>
        <name>basic</name>
        <hotbar_1>
            <slot_2>
                <type>ja</type>
                <action>Chaos Roll</action>
                <target>me</target>
                <alias>Chaos Roll</alias>
                <icon>abilities/aggressor</icon>

            </slot_2>
            <slot_7>
                <target>me</target>
                <type>ja</type>
                <action>Double-Up</action>
                <alias>Double-Up</alias>

            </slot_7>
            <slot_6>
                <type>ja</type>
                <action>Random Deal</action>
                <target>me</target>
                <alias>Random Deal</alias>
                <icon>abilities/aggressor</icon>

            </slot_6>
            <slot_1>
                <target>me</target>
                <type>ja</type>
                <action>Bolter&apos;s Roll</action>
                <alias>Bolter&apos;s Roll</alias>

            </slot_1>
            <slot_4>
                <target>me</target>
                <type>ja</type>
                <action>Crooked Cards</action>
                <alias>Crooked Cards</alias>

            </slot_4>
            <slot_5>
                <icon>jobs/SAM</icon>
                <type>ex</type>
                <action>jobs/SAM</action>
                <alias>placeholder</alias>

            </slot_5>
            <slot_8>
                <target>me</target>
                <type>ja</type>
                <action>Snake Eye</action>
                <alias>Snake Eye</alias>

            </slot_8>
            <slot_9></slot_9>
            <slot_3>
                <type>ja</type>
                <action>Samurai Roll</action>
                <target>me</target>
                <alias>Samurai Roll</alias>
                <icon>jobs/SAM</icon>

            </slot_3>

        </hotbar_1>
        <hotbar_3>
            <slot_3>
                <type>ct</type>
                <action>ra</action>
                <target>t</target>
                <alias>Ranged Attack</alias>
                <icon>ranged</icon>

            </slot_3>
            <slot_6>
                <target>t</target>
                <type>ws</type>
                <action>Wildfire</action>
                <alias>Wildfire</alias>

            </slot_6>
            <slot_4>
                <icon>khajit/guncycle</icon>
                <type>ex</type>
                <action>gs c cycle Gun</action>
                <alias>Gun</alias>

            </slot_4>
            <slot_9></slot_9>
            <slot_7>
                <target>t</target>
                <type>ws</type>
                <action>Flat Blade</action>
                <alias>Flat Blade</alias>

            </slot_7>
            <slot_8>
                <target>me</target>
                <type>ma</type>
                <action>Utsusemi: Ni</action>
                <alias>Utsusemi: Ni</alias>

            </slot_8>
            <slot_2>
                <target>me</target>
                <type>item</type>
                <action>Remedy</action>
                <alias>Remedy</alias>

            </slot_2>
            <slot_1>
                <target>me</target>
                <type>item</type>
                <action>El. Pachira Fruit</action>
                <alias>El. Pachira Fruit</alias>

            </slot_1>

        </hotbar_3>
        <hotbar_2>
            <slot_9></slot_9>
            <slot_7>
                <target>t</target>
                <type>ws</type>
                <action>Evisceration</action>
                <alias>Evisceration</alias>

            </slot_7>
            <slot_6>
                <target>t</target>
                <type>ws</type>
                <action>Leaden Salute</action>
                <alias>Leaden Salute</alias>

            </slot_6>
            <slot_3>
                <icon>Khajit/qd</icon>
                <type>ex</type>
                <action>gs c cycle altqd</action>
                <alias>QD2</alias>

            </slot_3>
            <slot_4>
                <icon>Khajit/qd</icon>
                <type>ex</type>
                <action>gs c cycle mainqd</action>
                <alias>QD1</alias>

            </slot_4>
            <slot_5>
                <target>t</target>
                <type>ws</type>
                <action>Savage Blade</action>
                <alias>Savage Blade</alias>

            </slot_5>
            <slot_8>
                <target>t</target>
                <type>ws</type>
                <action>Last Stand</action>
                <alias>Last Stand</alias>

            </slot_8>
            <slot_2>
                <icon>Khajit/cycle</icon>
                <type>ex</type>
                <action>gs c qd</action>
                <alias>Quick Draw</alias>

            </slot_2>
            <slot_1>
                <icon>Khajit/qd</icon>
                <type>ex</type>
                <action>gs c toggle usealtqd</action>
                <alias>QD toggle</alias>

            </slot_1>

        </hotbar_2>

    </basic>

</hotbar>
