<hotbar>
    <qol>
        <hotbar_4>
            <slot_2></slot_2>
            <slot_7></slot_7>
            <slot_6></slot_6>
            <slot_3></slot_3>
            <slot_4></slot_4>
            <slot_5></slot_5>
            <slot_8></slot_8>
            <slot_9></slot_9>
            <slot_1>
                <icon>Khajit/choco-def</icon>
                <type>ex</type>
                <action>Khajit/choco-def</action>
                <alias>placeholder</alias>

            </slot_1>

        </hotbar_4>
        <name>QOL</name>
        <hotbar_1>
            <slot_2></slot_2>
            <slot_7></slot_7>
            <slot_6></slot_6>
            <slot_3></slot_3>
            <slot_4></slot_4>
            <slot_5></slot_5>
            <slot_8></slot_8>
            <slot_9></slot_9>
            <slot_1>
                <icon>Khajit/bubble</icon>
                <type>ex</type>
                <action>Khajit/bubble</action>
                <alias>placeholder</alias>

            </slot_1>

        </hotbar_1>
        <hotbar_3>
            <slot_2></slot_2>
            <slot_7></slot_7>
            <slot_6></slot_6>
            <slot_3></slot_3>
            <slot_4></slot_4>
            <slot_5></slot_5>
            <slot_8></slot_8>
            <slot_9></slot_9>
            <slot_1></slot_1>

        </hotbar_3>
        <hotbar_2>
            <slot_2></slot_2>
            <slot_7></slot_7>
            <slot_6></slot_6>
            <slot_3>
                <icon>Khajit/berserk</icon>
                <type>ex</type>
                <action>Khajit/berserk</action>
                <alias>placeholder</alias>

            </slot_3>
            <slot_4>
                <icon>Khajit/Idle</icon>
                <type>ex</type>
                <action>Khajit/Idle</action>
                <alias>placeholder</alias>

            </slot_4>
            <slot_5></slot_5>
            <slot_8></slot_8>
            <slot_9></slot_9>
            <slot_1></slot_1>

        </hotbar_2>

    </qol>
    <default>
        <hotbar_4>
            <slot_9></slot_9>

        </hotbar_4>
        <name>Default</name>
        <hotbar_1>
            <slot_9></slot_9>

        </hotbar_1>
        <hotbar_3>
            <slot_9></slot_9>

        </hotbar_3>
        <hotbar_2>
            <slot_9></slot_9>

        </hotbar_2>

    </default>
    <basic>
        <hotbar_4>
            <slot_6>
                <target>stnpc</target>
                <type>ma</type>
                <action>Watera III</action>
                <alias>Watera III</alias>

            </slot_6>
            <slot_9></slot_9>
            <slot_5>
                <target>me</target>
                <type>ja</type>
                <action>Radial Arcana</action>
                <alias>Radial Arcana</alias>

            </slot_5>
            <slot_2>
                <icon>Khajit/cycle</icon>
                <type>ex</type>
                <action>Khajit/cycle</action>
                <alias>placeholder</alias>

            </slot_2>
            <slot_7>
                <target>me</target>
                <type>ja</type>
                <action>Full Circle</action>
                <alias>Full Circle</alias>

            </slot_7>

        </hotbar_4>
        <name>Basic</name>
        <hotbar_1>
            <slot_6>
                <target>me</target>
                <type>ja</type>
                <action>Ecliptic Attrition</action>
                <alias>Ecliptic Attrition</alias>

            </slot_6>
            <slot_4>
                <target>me</target>
                <type>ja</type>
                <action>Life Cycle</action>
                <alias>Life Cycle</alias>

            </slot_4>
            <slot_9></slot_9>
            <slot_7>
                <type>ex</type>
                <action>gs c geo geo</action>
                <target>t</target>
                <alias>Bubble</alias>
                <icon>khajit/bubble</icon>

            </slot_7>
            <slot_8>
                <target>me</target>
                <type>ja</type>
                <action>Blaze of Glory</action>
                <alias>Blaze of Glory</alias>

            </slot_8>
            <slot_5>
                <target>me</target>
                <type>ja</type>
                <action>Dematerialize</action>
                <alias>Dematerialize</alias>

            </slot_5>
            <slot_1>
                <icon>khajit/idle</icon>
                <type>ex</type>
                <action>gs c toggle idlemode</action>
                <alias>Idle</alias>

            </slot_1>

        </hotbar_1>
        <hotbar_3>
            <slot_9></slot_9>

        </hotbar_3>
        <hotbar_2>
            <slot_6>
                <target>stpt</target>
                <type>ma</type>
                <action>Cure IV</action>
                <alias>Cure IV</alias>

            </slot_6>
            <slot_9></slot_9>
            <slot_7>
                <type>ex</type>
                <action>gs c geo indi</action>
                <target>me</target>
                <alias>Indi</alias>
                <icon>khajit/choco-def</icon>

            </slot_7>
            <slot_8>
                <target>me</target>
                <type>ja</type>
                <action>Entrust</action>
                <alias>Entrust</alias>

            </slot_8>
            <slot_5>
                <target>t</target>
                <type>ws</type>
                <action>Aeolian Edge</action>
                <alias>Aeolian Edge</alias>

            </slot_5>

        </hotbar_2>

    </basic>

</hotbar>
