<hotbar>
    <setup>
        <hotbar_4>
            <slot_9></slot_9>
            <slot_1>
                <icon>khajit/idle</icon>
                <type>ex</type>
                <action>gs c toggle idlemode</action>
                <alias>Idle Cycle</alias>

            </slot_1>
            <slot_2>
                <icon>khajit/cycle</icon>
                <type>ex</type>
                <action>gs c toggle subweapon</action>
                <alias>Sub</alias>

            </slot_2>
            <slot_4>
                <icon>khajit/choco-def</icon>
                <type>ex</type>
                <action>gs c toggle melee</action>
                <alias>Melee mode</alias>

            </slot_4>
            <slot_3>
                <icon>khajit/choco-def</icon>
                <type>ex</type>
                <action>gs c toggle mainweapon</action>
                <alias>M. Weap</alias>

            </slot_3>

        </hotbar_4>
        <name>Setup</name>
        <hotbar_1>
            <slot_3>
                <target>me</target>
                <type>ex</type>
                <action>gs c nuke enspelldown</action>
                <alias>NSP Down D</alias>

            </slot_3>
            <slot_6>
                <icon>abilities/blood-weapon</icon>
                <type>ex</type>
                <action>gs c toggle meleemode</action>
                <alias>Cycle</alias>

            </slot_6>
            <slot_2>
                <icon>abilities/aggressor</icon>
                <type>ex</type>
                <action>gs c nuke cycledown</action>
                <alias>Nuke Down</alias>

            </slot_2>
            <slot_9></slot_9>
            <slot_5>
                <type>ex</type>
                <action>gs c toggle nukemode</action>
                <alias>Magic</alias>

            </slot_5>
            <slot_8>
                <type>ex</type>
                <action>gs c toggle matchsc</action>
                <alias>Sc.Match</alias>

            </slot_8>
            <slot_4>
                <type>ex</type>
                <action>gs c nuke enspellup</action>
                <alias>N.spell up</alias>

            </slot_4>
            <slot_1>
                <type>ex</type>
                <action>gs c nuke cycle</action>
                <alias>Nuke up</alias>

            </slot_1>

        </hotbar_1>
        <hotbar_3>
            <slot_9></slot_9>
            <slot_7>
                <target>t</target>
                <type>ws</type>
                <action>Flat Blade</action>
                <alias>Flat Blade</alias>

            </slot_7>
            <slot_8>
                <target>me</target>
                <type>ma</type>
                <action>Utsusemi: Ni</action>
                <alias>Utsusemi: Ni</alias>

            </slot_8>
            <slot_2>
                <target>me</target>
                <type>item</type>
                <action>Remedy</action>
                <alias>Remedy</alias>

            </slot_2>
            <slot_1>
                <target>me</target>
                <type>item</type>
                <action>El. Pachira Fruit</action>
                <alias>El. Pachira Fruit</alias>

            </slot_1>

        </hotbar_3>
        <hotbar_2>
            <slot_7>
                <type>ex</type>
                <action>gs c hud keybinds</action>
                <alias>Keybinds</alias>

            </slot_7>
            <slot_8>
                <type>ex</type>
                <action>gs c hud lite</action>
                <alias>Hud Lite</alias>

            </slot_8>
            <slot_5>
                <type>ex</type>
                <action>gs c hud hide</action>
                <alias>Hide HUD</alias>

            </slot_5>
            <slot_9></slot_9>

        </hotbar_2>

    </setup>
    <default>
        <hotbar_4>
            <slot_9></slot_9>

        </hotbar_4>
        <name>Default</name>
        <hotbar_1>
            <slot_9></slot_9>

        </hotbar_1>
        <hotbar_3>
            <slot_9></slot_9>

        </hotbar_3>
        <hotbar_2>
            <slot_9></slot_9>

        </hotbar_2>

    </default>
    <basic>
        <hotbar_4>
            <slot_9></slot_9>

        </hotbar_4>
        <name>Basic</name>
        <hotbar_1>
            <slot_9></slot_9>

        </hotbar_1>
        <hotbar_3>
            <slot_9></slot_9>

        </hotbar_3>
        <hotbar_2>
            <slot_5>
                <target>t</target>
                <type>ws</type>
                <action>Savage Blade</action>
                <alias>Savage Blade</alias>

            </slot_5>
            <slot_8>
                <target>t</target>
                <type>ws</type>
                <action>Sanguine Blade</action>
                <alias>Sanguine Blade</alias>

            </slot_8>
            <slot_7>
                <target>stpc</target>
                <type>ma</type>
                <action>Cure IV</action>
                <alias>Cure IV</alias>

            </slot_7>
            <slot_9></slot_9>

        </hotbar_2>

    </basic>

</hotbar>
