<hotbar>
    <job-default>
        <hotbar_4>
            <slot_6>
                <target>me</target>
                <type>ja</type>
                <action>Scavenge</action>
                <alias>Scavenge</alias>

            </slot_6>
            <slot_9></slot_9>
            <slot_7>
                <target>me</target>
                <type>ja</type>
                <action>Decoy Shot</action>
                <alias>Decoy Shot</alias>

            </slot_7>
            <slot_8>
                <target>t</target>
                <type>ja</type>
                <action>Bounty Shot</action>
                <alias>Bounty Shot</alias>

            </slot_8>
            <slot_4>
                <type>a</type>
                <action>a</action>
                <target>stnpc</target>
                <alias>Attack</alias>
                <icon>attack</icon>

            </slot_4>
            <slot_5>
                <target>me</target>
                <type>ja</type>
                <action>Hover Shot</action>
                <alias>Hover Shot</alias>

            </slot_5>

        </hotbar_4>
        <name>Job Default</name>
        <hotbar_1>
            <slot_6>
                <target>me</target>
                <type>ja</type>
                <action>Velocity Shot</action>
                <alias>Velocity Shot</alias>

            </slot_6>
            <slot_9></slot_9>
            <slot_5>
                <target>me</target>
                <type>ja</type>
                <action>Sharpshot</action>
                <alias>Sharpshot</alias>

            </slot_5>
            <slot_8>
                <target>me</target>
                <type>ja</type>
                <action>Barrage</action>
                <alias>Barrage</alias>

            </slot_8>
            <slot_7>
                <target>me</target>
                <type>ja</type>
                <action>Double Shot</action>
                <alias>Double Shot</alias>

            </slot_7>

        </hotbar_1>
        <hotbar_3>
            <slot_7>
                <target>t</target>
                <type>ja</type>
                <action>Shadowbind</action>
                <alias>Shadowbind</alias>

            </slot_7>
            <slot_3>
                <type>ct</type>
                <action>ra</action>
                <target>stnpc</target>
                <alias>Ranged Attack</alias>
                <icon>ranged</icon>

            </slot_3>
            <slot_9></slot_9>

        </hotbar_3>
        <hotbar_2>
            <slot_6>
                <target>t</target>
                <type>ws</type>
                <action>Wildfire</action>
                <alias>Wildfire</alias>

            </slot_6>
            <slot_7>
                <type>ct</type>
                <action>ra</action>
                <target>t</target>
                <alias>Ranged Attack</alias>
                <icon>ranged</icon>

            </slot_7>
            <slot_9></slot_9>
            <slot_5>
                <target>t</target>
                <type>ws</type>
                <action>Trueflight</action>
                <alias>Trueflight</alias>

            </slot_5>
            <slot_8>
                <target>t</target>
                <type>ws</type>
                <action>Last Stand</action>
                <alias>Last Stand</alias>

            </slot_8>
            <slot_4>
                <type>a</type>
                <action>a</action>
                <target>stnpc</target>
                <alias>Attack</alias>
                <icon>attack</icon>

            </slot_4>
            <slot_3>
                <target>stnpc</target>
                <type>ta</type>
                <action>Switch Target</action>
                <alias>Switch Target</alias>

            </slot_3>

        </hotbar_2>

    </job-default>

</hotbar>
