<hotbar>
    <default>
        <hotbar_4>
            <slot_9></slot_9>

        </hotbar_4>
        <name>Default</name>
        <hotbar_1>
            <slot_9></slot_9>

        </hotbar_1>
        <hotbar_3>
            <slot_9></slot_9>

        </hotbar_3>
        <hotbar_2>
            <slot_9></slot_9>

        </hotbar_2>

    </default>
    <basic>
        <hotbar_4>
            <slot_9></slot_9>

        </hotbar_4>
        <name>Basic</name>
        <hotbar_1>
            <slot_9></slot_9>

        </hotbar_1>
        <hotbar_3>
            <slot_9></slot_9>

        </hotbar_3>
        <hotbar_2>
            <slot_7>
                <target>me</target>
                <type>ja</type>
                <action>Double-Up</action>
                <alias>Double-Up</alias>

            </slot_7>
            <slot_8>
                <target>me</target>
                <type>ja</type>
                <action>Corsair&apos;s Roll</action>
                <alias>Corsair&apos;s Roll</alias>

            </slot_8>
            <slot_5>
                <target>t</target>
                <type>ws</type>
                <action>Trueflight</action>
                <alias>Trueflight</alias>

            </slot_5>
            <slot_9></slot_9>

        </hotbar_2>

    </basic>

</hotbar>
