<hotbar>
    <job-default>
        <hotbar_4>
            <slot_6>
                <type>ma</type>
                <action>Aurorastorm II</action>
                <target>stpt</target>
                <alias>Aurorastorm II</alias>
                <source_environment>job-default</source_environment>

            </slot_6>
            <slot_9></slot_9>
            <slot_5>
                <type>ma</type>
                <action>Adloquium</action>
                <target>stpt</target>
                <alias>Adloquium</alias>
                <source_environment>job-default</source_environment>

            </slot_5>
            <slot_8>
                <type>ma</type>
                <action>Phalanx</action>
                <target>me</target>
                <alias>Phalanx</alias>
                <source_environment>job-default</source_environment>

            </slot_8>
            <slot_7>
                <type>ma</type>
                <action>Haste</action>
                <target>stpt</target>
                <alias>Haste</alias>
                <source_environment>job-default</source_environment>

            </slot_7>
            <slot_4>
                <type>ws</type>
                <action>Myrkr</action>
                <target>bt</target>
                <alias>Myrkr</alias>
                <source_environment>job-default</source_environment>

            </slot_4>

        </hotbar_4>
        <name>Job Default</name>
        <hotbar_1>
            <slot_2>
                <type>ja</type>
                <action>Dark Arts</action>
                <target>me</target>
                <alias>Dark Arts</alias>
                <source_environment>job-default</source_environment>

            </slot_2>
            <slot_6>
                <target>bt</target>
                <type>ws</type>
                <action>Myrkr</action>
                <alias>Myrkr</alias>

            </slot_6>
            <slot_4>
                <type>ja</type>
                <action>Sublimation</action>
                <target>me</target>
                <alias>Sublimation</alias>
                <source_environment>job-default</source_environment>

            </slot_4>
            <slot_9></slot_9>
            <slot_7>
                <type>ma</type>
                <action>Animus Minuo</action>
                <target>stpt</target>
                <alias>Animus Minuo</alias>
                <source_environment>job-default</source_environment>

            </slot_7>
            <slot_8>
                <type>ma</type>
                <action>Animus Augeo</action>
                <target>stpt</target>
                <alias>Animus Augeo</alias>
                <source_environment>job-default</source_environment>

            </slot_8>
            <slot_5>
                <target>me</target>
                <type>ja</type>
                <action>Convert</action>
                <alias>Convert</alias>

            </slot_5>
            <slot_1>
                <type>ja</type>
                <action>Light Arts</action>
                <target>me</target>
                <alias>Light Arts</alias>
                <source_environment>job-default</source_environment>

            </slot_1>

        </hotbar_1>
        <hotbar_3>
            <slot_6>
                <type>ma</type>
                <action>Aurorastorm II</action>
                <target>stpt</target>
                <alias>Aurorastorm II</alias>
                <source_environment>job-default</source_environment>

            </slot_6>
            <slot_3>
                <target>stnpc</target>
                <type>ma</type>
                <action>Dia II</action>
                <alias>Dia II</alias>

            </slot_3>
            <slot_9></slot_9>
            <slot_5>
                <type>ja</type>
                <action>Perpetuance</action>
                <target>me</target>
                <alias>Perpetuance</alias>
                <source_environment>job-default</source_environment>

            </slot_5>
            <slot_2>
                <target>me</target>
                <type>item</type>
                <action>El. Pachira Fruit</action>
                <alias>El. Pachira Fruit</alias>

            </slot_2>
            <slot_7>
                <type>ja</type>
                <action>Accession</action>
                <target>me</target>
                <alias>Accession</alias>
                <source_environment>job-default</source_environment>

            </slot_7>
            <slot_1>
                <type>item</type>
                <action>Remedy</action>
                <target>me</target>
                <alias>Remedy</alias>
                <source_environment>job-default</source_environment>

            </slot_1>

        </hotbar_3>
        <hotbar_2>
            <slot_6>
                <type>ma</type>
                <action>Cure III</action>
                <target>stpc</target>
                <alias>Cure III</alias>
                <source_environment>job-default</source_environment>

            </slot_6>
            <slot_9></slot_9>
            <slot_5>
                <target>stpt</target>
                <type>ma</type>
                <action>Regen V</action>
                <alias>Regen V</alias>

            </slot_5>
            <slot_8>
                <target>stpt</target>
                <type>ma</type>
                <action>Erase</action>
                <alias>Erase</alias>

            </slot_8>
            <slot_7>
                <target>stpc</target>
                <type>ma</type>
                <action>Cure IV</action>
                <alias>Cure IV</alias>

            </slot_7>

        </hotbar_2>

    </job-default>

</hotbar>
