<hotbar>
    <darkarts>
        <hotbar_4>
            <slot_2></slot_2>
            <slot_7></slot_7>
            <slot_6></slot_6>
            <slot_1></slot_1>
            <slot_4></slot_4>
            <slot_5></slot_5>
            <slot_8></slot_8>
            <slot_9></slot_9>
            <slot_3></slot_3>

        </hotbar_4>
        <name>DarkArts</name>
        <hotbar_1>
            <slot_2></slot_2>
            <slot_7></slot_7>
            <slot_6></slot_6>
            <slot_1></slot_1>
            <slot_4></slot_4>
            <slot_5></slot_5>
            <slot_8></slot_8>
            <slot_9></slot_9>
            <slot_3></slot_3>

        </hotbar_1>
        <hotbar_3>
            <slot_2></slot_2>
            <slot_7></slot_7>
            <slot_6></slot_6>
            <slot_1></slot_1>
            <slot_4></slot_4>
            <slot_5></slot_5>
            <slot_8></slot_8>
            <slot_9></slot_9>
            <slot_3></slot_3>

        </hotbar_3>
        <hotbar_2>
            <slot_2></slot_2>
            <slot_7></slot_7>
            <slot_6></slot_6>
            <slot_1></slot_1>
            <slot_4></slot_4>
            <slot_5></slot_5>
            <slot_8></slot_8>
            <slot_9></slot_9>
            <slot_3></slot_3>

        </hotbar_2>

    </darkarts>
    <default>
        <hotbar_4>
            <slot_9></slot_9>

        </hotbar_4>
        <name>Default</name>
        <hotbar_1>
            <slot_9></slot_9>

        </hotbar_1>
        <hotbar_3>
            <slot_9></slot_9>

        </hotbar_3>
        <hotbar_2>
            <slot_9></slot_9>

        </hotbar_2>

    </default>
    <basic>
        <hotbar_4>
            <slot_9></slot_9>

        </hotbar_4>
        <name>Basic</name>
        <hotbar_1>
            <slot_5>
                <target>me</target>
                <type>ma</type>
                <action>Enthunder</action>
                <alias>Enthunder</alias>

            </slot_5>
            <slot_6>
                <target>stnpc</target>
                <type>ma</type>
                <action>Aero IV</action>
                <alias>Aero IV</alias>

            </slot_6>
            <slot_9></slot_9>

        </hotbar_1>
        <hotbar_3>
            <slot_9></slot_9>
            <slot_4>
                <target>stpt</target>
                <type>ma</type>
                <action>Paralyna</action>
                <alias>Paralyna</alias>

            </slot_4>
            <slot_8>
                <target>stpt</target>
                <type>ma</type>
                <action>Erase</action>
                <alias>Erase</alias>

            </slot_8>
            <slot_2>
                <target>me</target>
                <type>item</type>
                <action>El. Pachira Fruit</action>
                <alias>El. Pachira Fruit</alias>

            </slot_2>
            <slot_3>
                <target>stpt</target>
                <type>ma</type>
                <action>Cursna</action>
                <alias>Cursna</alias>

            </slot_3>

        </hotbar_3>
        <hotbar_2>
            <slot_9></slot_9>
            <slot_7>
                <target>stpt</target>
                <type>ma</type>
                <action>Cure IV</action>
                <alias>Cure IV</alias>

            </slot_7>
            <slot_8>
                <target>stpc</target>
                <type>ma</type>
                <action>Cure IV</action>
                <alias>Cure IV</alias>

            </slot_8>
            <slot_5>
                <target>stpt</target>
                <type>ma</type>
                <action>Regen V</action>
                <alias>Regen V</alias>

            </slot_5>
            <slot_1>
                <target>me</target>
                <type>ja</type>
                <action>Accession</action>
                <alias>Accession</alias>

            </slot_1>

        </hotbar_2>

    </basic>

</hotbar>
