<hotbar>
    <job-default>
        <hotbar_4>
            <slot_1>
                <type>ex</type>
                <action>gs c cycle IdleMode</action>
                <icon>khajit/idle</icon>
                <alias>Idle Cycle</alias>
                <source_environment>job-default</source_environment>

            </slot_1>
            <slot_6>
                <type>ja</type>
                <action>Despoil</action>
                <target>stnpc</target>
                <alias>Despoil</alias>
                <source_environment>job-default</source_environment>

            </slot_6>
            <slot_2>
                <type>ex</type>
                <action>abilities/camouflage</action>
                <icon>abilities/camouflage</icon>
                <alias>placeholder</alias>
                <source_environment>job-default</source_environment>

            </slot_2>
            <slot_9></slot_9>
            <slot_5>
                <type>ja</type>
                <action>Steal</action>
                <target>stnpc</target>
                <alias>Steal</alias>
                <source_environment>job-default</source_environment>

            </slot_5>
            <slot_8>
                <type>ja</type>
                <action>Conspirator</action>
                <target>me</target>
                <icon>abilities/charm</icon>
                <alias>Conspirator</alias>
                <source_environment>job-default</source_environment>

            </slot_8>
            <slot_4>
                <type>ex</type>
                <action>gs c cycle HybridMode</action>
                <icon>abilities/consume-mana</icon>
                <alias>Hybrid</alias>
                <source_environment>job-default</source_environment>

            </slot_4>
            <slot_3>
                <type>ex</type>
                <action>abilities/azure-lore</action>
                <icon>abilities/azure-lore</icon>
                <alias>placeholder</alias>
                <source_environment>job-default</source_environment>

            </slot_3>

        </hotbar_4>
        <name>Job Default</name>
        <hotbar_1>
            <slot_9></slot_9>
            <slot_7>
                <type>ex</type>
                <action>exec thf/SA_Rudra.txt</action>
                <icon>weaponskills/dagger/rudras-storm</icon>
                <alias>S. Rudras</alias>
                <source_environment>job-default</source_environment>

            </slot_7>
            <slot_6>
                <type>ex</type>
                <action>abilities/dark-seal</action>
                <icon>abilities/dark-seal</icon>
                <alias>placeholder</alias>
                <source_environment>job-default</source_environment>

            </slot_6>
            <slot_3>
                <type>ja</type>
                <action>Feint</action>
                <target>me</target>
                <icon>harvest</icon>
                <alias>Feint</alias>
                <source_environment>job-default</source_environment>

            </slot_3>
            <slot_4>
                <type>ex</type>
                <action>abilities/charm</action>
                <icon>abilities/charm</icon>
                <alias>placeholder</alias>
                <source_environment>job-default</source_environment>

            </slot_4>
            <slot_5>
                <type>ex</type>
                <action>attack</action>
                <icon>attack</icon>
                <alias>placeholder</alias>
                <source_environment>job-default</source_environment>

            </slot_5>
            <slot_8>
                <type>ex</type>
                <action>assist</action>
                <icon>assist</icon>
                <alias>placeholder</alias>
                <source_environment>job-default</source_environment>

            </slot_8>
            <slot_2>
                <type>ja</type>
                <action>Bully</action>
                <target>stnpc</target>
                <icon>abilities/dark-seal</icon>
                <alias>Bully</alias>
                <source_environment>job-default</source_environment>

            </slot_2>
            <slot_1>
                <type>ja</type>
                <action>Hide</action>
                <target>me</target>
                <icon>abilities/ancient-circle</icon>
                <alias>Hide</alias>
                <source_environment>job-default</source_environment>

            </slot_1>

        </hotbar_1>
        <hotbar_3>
            <slot_6>
                <type>ex</type>
                <action>weaponskills/dagger/evisceration</action>
                <icon>weaponskills/dagger/evisceration</icon>
                <alias>placeholder</alias>
                <source_environment>job-default</source_environment>

            </slot_6>
            <slot_1>
                <type>item</type>
                <action>El. Pachira Fruit</action>
                <target>me</target>
                <alias>El. Pachira Fruit</alias>
                <source_environment>job-default</source_environment>

            </slot_1>
            <slot_9></slot_9>
            <slot_7>
                <type>ex</type>
                <action>exec thf/TA_Rudra.txt</action>
                <icon>weaponskills/dagger/rudras-storm</icon>
                <alias>T. Rudra</alias>
                <source_environment>job-default</source_environment>

            </slot_7>
            <slot_2>
                <type>item</type>
                <action>Remedy</action>
                <target>me</target>
                <alias>Remedy</alias>
                <source_environment>job-default</source_environment>

            </slot_2>
            <slot_4>
                <type>ja</type>
                <action>Collaborator</action>
                <target>stpt</target>
                <alias>Collaborator</alias>
                <source_environment>job-default</source_environment>

            </slot_4>
            <slot_3>
                <type>ja</type>
                <action>Flee</action>
                <target>me</target>
                <icon>harvest</icon>
                <alias>Flee</alias>
                <source_environment>job-default</source_environment>

            </slot_3>

        </hotbar_3>
        <hotbar_2>
            <slot_5>
                <type>ws</type>
                <action>Shark Bite</action>
                <target>t</target>
                <icon>harvest</icon>
                <alias>Shark Bite</alias>
                <source_environment>job-default</source_environment>

            </slot_5>
            <slot_6>
                <type>ws</type>
                <action>Evisceration</action>
                <target>t</target>
                <icon>harvest</icon>
                <alias>Evisceration</alias>
                <source_environment>job-default</source_environment>

            </slot_6>
            <slot_7>
                <type>ws</type>
                <action>Rudra&apos;s Storm</action>
                <target>t</target>
                <icon>harvest</icon>
                <alias>Rudra&apos;s Storm</alias>
                <source_environment>job-default</source_environment>

            </slot_7>
            <slot_9></slot_9>

        </hotbar_2>

    </job-default>

</hotbar>
