<hotbar>
    <default>
        <hotbar_4>
            <slot_9></slot_9>

        </hotbar_4>
        <name>Default</name>
        <hotbar_1>
            <slot_9></slot_9>

        </hotbar_1>
        <hotbar_3>
            <slot_9></slot_9>

        </hotbar_3>
        <hotbar_2>
            <slot_9></slot_9>

        </hotbar_2>

    </default>
    <basic>
        <hotbar_4>
            <slot_7>
                <target>stnpc</target>
                <type>item</type>
                <action>Living Key</action>
                <alias>Living Key</alias>

            </slot_7>
            <slot_9></slot_9>

        </hotbar_4>
        <name>Basic</name>
        <hotbar_1>
            <slot_4>
                <target>me</target>
                <type>item</type>
                <action>Holy Water</action>
                <alias>Holy Water</alias>

            </slot_4>
            <slot_9></slot_9>

        </hotbar_1>
        <hotbar_3>
            <slot_9></slot_9>

        </hotbar_3>
        <hotbar_2>
            <slot_8>
                <target>t</target>
                <type>ws</type>
                <action>Mandalic Stab</action>
                <alias>Mandalic Stab</alias>

            </slot_8>
            <slot_4>
                <type>a</type>
                <action>a</action>
                <target>stnpc</target>
                <alias>Attack</alias>
                <icon>attack</icon>

            </slot_4>
            <slot_9></slot_9>

        </hotbar_2>

    </basic>

</hotbar>
