<hotbar>
    <aedge>
        <hotbar_4>
            <slot_2></slot_2>
            <slot_7></slot_7>
            <slot_6></slot_6>
            <slot_1></slot_1>
            <slot_4></slot_4>
            <slot_5></slot_5>
            <slot_8></slot_8>
            <slot_9></slot_9>
            <slot_3></slot_3>

        </hotbar_4>
        <name>AEdge</name>
        <hotbar_1>
            <slot_2></slot_2>
            <slot_7></slot_7>
            <slot_6></slot_6>
            <slot_1></slot_1>
            <slot_4></slot_4>
            <slot_5></slot_5>
            <slot_8></slot_8>
            <slot_9></slot_9>
            <slot_3></slot_3>

        </hotbar_1>
        <hotbar_3>
            <slot_2></slot_2>
            <slot_7></slot_7>
            <slot_6></slot_6>
            <slot_1></slot_1>
            <slot_4></slot_4>
            <slot_5></slot_5>
            <slot_8></slot_8>
            <slot_9></slot_9>
            <slot_3></slot_3>

        </hotbar_3>
        <hotbar_2>
            <slot_2>
                <target>t</target>
                <type>ja</type>
                <action>High Jump</action>
                <alias>High Jump</alias>

            </slot_2>
            <slot_7></slot_7>
            <slot_6></slot_6>
            <slot_1>
                <target>t</target>
                <type>ja</type>
                <action>Jump</action>
                <alias>Jump</alias>

            </slot_1>
            <slot_4>
                <type>a</type>
                <action>a</action>
                <target>stnpc</target>
                <alias>Attack</alias>
                <icon>attack</icon>

            </slot_4>
            <slot_5></slot_5>
            <slot_8>
                <target>t</target>
                <type>ws</type>
                <action>Aeolian Edge</action>
                <alias>Aeolian Edge</alias>

            </slot_8>
            <slot_9></slot_9>
            <slot_3></slot_3>

        </hotbar_2>

    </aedge>
    <default>
        <hotbar_4>
            <slot_9></slot_9>

        </hotbar_4>
        <name>Default</name>
        <hotbar_1>
            <slot_9></slot_9>

        </hotbar_1>
        <hotbar_3>
            <slot_2>
                <type>item</type>
                <action>Remedy</action>
                <target>me</target>
                <alias>Remedy</alias>
                <source_environment>default</source_environment>

            </slot_2>
            <slot_1>
                <type>item</type>
                <action>El. Pachira Fruit</action>
                <target>me</target>
                <alias>El. Pachira Fruit</alias>
                <source_environment>default</source_environment>

            </slot_1>
            <slot_9></slot_9>

        </hotbar_3>
        <hotbar_2>
            <slot_9></slot_9>

        </hotbar_2>

    </default>
    <basic>
        <hotbar_4>
            <slot_9></slot_9>
            <slot_7>
                <type>ja</type>
                <action>Ancient Circle</action>
                <target>me</target>
                <alias>Ancient Circle</alias>
                <icon>abilities/dark-seal</icon>

            </slot_7>
            <slot_6>
                <type>ws</type>
                <action>Aeolian Edge</action>
                <target>t</target>
                <alias>Aeolian Edge</alias>
                <icon>weaponskills/dagger/evisceration</icon>

            </slot_6>
            <slot_1>
                <icon>khajit/idle</icon>
                <type>ex</type>
                <action>gs c cycle IdleMode</action>
                <alias>Idle Cycle</alias>

            </slot_1>
            <slot_4>
                <icon>abilities/consume-mana</icon>
                <type>ex</type>
                <action>gs c cycle HybridMode</action>
                <alias>Hybrid</alias>

            </slot_4>
            <slot_5>
                <icon>abilities/counterstance</icon>
                <type>ex</type>
                <action>abilities/counterstance</action>
                <alias>placeholder</alias>

            </slot_5>
            <slot_8>
                <type>ja</type>
                <action>Conspirator</action>
                <target>me</target>
                <alias>Conspirator</alias>
                <icon>abilities/charm</icon>

            </slot_8>
            <slot_2>
                <icon>abilities/camouflage</icon>
                <type>ex</type>
                <action>abilities/camouflage</action>
                <alias>placeholder</alias>

            </slot_2>
            <slot_3>
                <icon>abilities/azure-lore</icon>
                <type>ex</type>
                <action>abilities/azure-lore</action>
                <alias>placeholder</alias>

            </slot_3>

        </hotbar_4>
        <name>Basic</name>
        <hotbar_1>
            <slot_9></slot_9>
            <slot_7>
                <icon>weaponskills/dagger/rudras-storm</icon>
                <type>ex</type>
                <action>exec thf/SA_Rudra.txt</action>
                <alias>S. Rudras</alias>

            </slot_7>
            <slot_6>
                <icon>abilities/dark-seal</icon>
                <type>ex</type>
                <action>abilities/dark-seal</action>
                <alias>placeholder</alias>

            </slot_6>
            <slot_3>
                <type>ja</type>
                <action>Feint</action>
                <target>me</target>
                <alias>Feint</alias>
                <icon>harvest</icon>

            </slot_3>
            <slot_4>
                <icon>abilities/charm</icon>
                <type>ex</type>
                <action>abilities/charm</action>
                <alias>placeholder</alias>

            </slot_4>
            <slot_5>
                <icon>attack</icon>
                <type>ex</type>
                <action>attack</action>
                <alias>placeholder</alias>

            </slot_5>
            <slot_8>
                <icon>assist</icon>
                <type>ex</type>
                <action>assist</action>
                <alias>placeholder</alias>

            </slot_8>
            <slot_2>
                <type>ja</type>
                <action>Bully</action>
                <target>stnpc</target>
                <alias>Bully</alias>
                <icon>abilities/dark-seal</icon>

            </slot_2>
            <slot_1>
                <type>ja</type>
                <action>Hide</action>
                <target>me</target>
                <alias>Hide</alias>
                <icon>abilities/ancient-circle</icon>

            </slot_1>

        </hotbar_1>
        <hotbar_3>
            <slot_7>
                <icon>weaponskills/dagger/rudras-storm</icon>
                <type>ex</type>
                <action>exec thf/TA_Rudra.txt</action>
                <alias>T. Rudra</alias>

            </slot_7>
            <slot_6>
                <icon>weaponskills/dagger/evisceration</icon>
                <type>ex</type>
                <action>weaponskills/dagger/evisceration</action>
                <alias>placeholder</alias>

            </slot_6>
            <slot_3>
                <type>ja</type>
                <action>Flee</action>
                <target>me</target>
                <alias>Flee</alias>
                <icon>harvest</icon>

            </slot_3>
            <slot_9></slot_9>

        </hotbar_3>
        <hotbar_2>
            <slot_6>
                <type>ws</type>
                <action>Evisceration</action>
                <target>t</target>
                <alias>Evisceration</alias>
                <icon>harvest</icon>

            </slot_6>
            <slot_9></slot_9>
            <slot_5>
                <type>ws</type>
                <action>Shark Bite</action>
                <target>t</target>
                <alias>Shark Bite</alias>
                <icon>harvest</icon>

            </slot_5>
            <slot_2>
                <type>ja</type>
                <action>High Jump</action>
                <target>t</target>
                <alias>High Jump</alias>
                <icon>harvest</icon>

            </slot_2>
            <slot_7>
                <type>ws</type>
                <action>Rudra&apos;s Storm</action>
                <target>t</target>
                <alias>Rudra&apos;s Storm</alias>
                <icon>harvest</icon>

            </slot_7>
            <slot_4>
                <type>ws</type>
                <action>Aeolian Edge</action>
                <target>t</target>
                <alias>Aeolian Edge</alias>
                <icon>abilities/ancient-circle</icon>

            </slot_4>

        </hotbar_2>

    </basic>

</hotbar>
