<hotbar>
    <job-default>
        <hotbar_4>
            <slot_6>
                <target>me</target>
                <type>ma</type>
                <action>Gain-MND</action>
                <alias>Gain-MND</alias>

            </slot_6>
            <slot_9></slot_9>
            <slot_5>
                <target>stnpc</target>
                <type>ma</type>
                <action>Break</action>
                <alias>Break</alias>

            </slot_5>
            <slot_8>
                <target>stpt</target>
                <type>ma</type>
                <action>Refresh II</action>
                <alias>Refresh II</alias>

            </slot_8>
            <slot_7>
                <type>ex</type>
                <action>gs c nuke enspell</action>
                <alias>Enspell</alias>

            </slot_7>
            <slot_4>
                <target>stnpc</target>
                <type>ma</type>
                <action>Paralyze II</action>
                <alias>Paralyze II</alias>

            </slot_4>

        </hotbar_4>
        <name>Job Default</name>
        <hotbar_1>
            <slot_9>
                <type>ex</type>
                <action>gs c nuke enspell</action>
                <alias>Enspell</alias>

            </slot_9>
            <slot_7>
                <target>stpc</target>
                <type>ex</type>
                <action>gs c nuke t4</action>
                <alias>T4</alias>

            </slot_7>
            <slot_6>
                <target>me</target>
                <type>ma</type>
                <action>Temper</action>
                <alias>Temper</alias>

            </slot_6>
            <slot_3>
                <target>me</target>
                <type>ja</type>
                <action>Saboteur</action>
                <alias>Saboteur</alias>

            </slot_3>
            <slot_4>
                <target>me</target>
                <type>ja</type>
                <action>Composure</action>
                <alias>Composure</alias>

            </slot_4>
            <slot_5>
                <target>stpt</target>
                <type>ma</type>
                <action>Phalanx II</action>
                <alias>Phalanx II</alias>

            </slot_5>
            <slot_8>
                <icon>Khajit/bubble</icon>
                <type>ex</type>
                <action>gs c nuke t5</action>
                <alias>Nuke t5</alias>

            </slot_8>
            <slot_2>
                <target>stpt</target>
                <type>ja</type>
                <action>Spontaneity</action>
                <alias>Spontaneity</alias>

            </slot_2>
            <slot_1>
                <target>me</target>
                <type>ja</type>
                <action>Convert</action>
                <alias>Convert</alias>

            </slot_1>

        </hotbar_1>
        <hotbar_3>
            <slot_9></slot_9>
            <slot_7>
                <target>stnpc</target>
                <type>ma</type>
                <action>Sleep II</action>
                <alias>Sleep II</alias>

            </slot_7>
            <slot_6>
                <target>stnpc</target>
                <type>ma</type>
                <action>Sleep</action>
                <alias>Sleep</alias>

            </slot_6>
            <slot_1>
                <target>stnpc</target>
                <type>ma</type>
                <action>Paralyze II</action>
                <alias>Paralyze II</alias>

            </slot_1>
            <slot_4>
                <target>stnpc</target>
                <type>ma</type>
                <action>Slow II</action>
                <alias>Slow II</alias>

            </slot_4>
            <slot_5>
                <target>stnpc</target>
                <type>ma</type>
                <action>Break</action>
                <alias>Break</alias>

            </slot_5>
            <slot_8>
                <target>me</target>
                <type>ma</type>
                <action>Utsusemi: Ni</action>
                <alias>Utsusemi: Ni</alias>

            </slot_8>
            <slot_2>
                <target>stnpc</target>
                <type>ma</type>
                <action>Addle</action>
                <alias>Addle</alias>

            </slot_2>
            <slot_3>
                <target>stnpc</target>
                <type>ma</type>
                <action>Dia III</action>
                <alias>Dia III</alias>

            </slot_3>

        </hotbar_3>
        <hotbar_2>
            <slot_5>
                <target>t</target>
                <type>ws</type>
                <action>Savage Blade</action>
                <alias>Savage Blade</alias>

            </slot_5>
            <slot_8>
                <target>t</target>
                <type>ws</type>
                <action>Sanguine Blade</action>
                <alias>Sanguine Blade</alias>

            </slot_8>
            <slot_7>
                <target>stpc</target>
                <type>ma</type>
                <action>Cure IV</action>
                <alias>Cure IV</alias>

            </slot_7>
            <slot_9></slot_9>

        </hotbar_2>

    </job-default>

</hotbar>
