<hotbar>
    <Teleport>
        <hotbar_4>
            <slot_2></slot_2>
            <slot_7></slot_7>
            <slot_6></slot_6>
            <slot_1></slot_1>
            <slot_4></slot_4>
            <slot_5></slot_5>
            <slot_8></slot_8>
            <slot_9></slot_9>
            <slot_3></slot_3>

        </hotbar_4>
        <name>Teleport</name>
        <hotbar_1>
            <slot_2>
                <icon>home-point</icon>
                <type>ex</type>
                <action>sw hp Norg</action>
                <alias>Norg</alias>

            </slot_2>
            <slot_7>
                <icon>home-point</icon>
                <type>ex</type>
                <action>sw hp Misareaux Coast</action>
                <alias>Misareaux Coast</alias>

            </slot_7>
            <slot_6>
                <icon>home-point</icon>
                <type>ex</type>
                <action>sw hp Qufim Island</action>
                <alias>Qufim Island</alias>

            </slot_6>
            <slot_1>
                <icon>home-point</icon>
                <type>ex</type>
                <action>sw hp Ru&apos;Lude Gardens</action>
                <alias>Ru&apos;Lude Gardens</alias>

            </slot_1>
            <slot_4>
                <icon>home-point</icon>
                <type>ex</type>
                <action>sw hp Bastok Mines</action>
                <alias>Bastok Mines</alias>

            </slot_4>
            <slot_5></slot_5>
            <slot_8>
                <icon>home-point</icon>
                <type>ex</type>
                <action>sw hp Mhaura</action>
                <alias>Mhaura</alias>

            </slot_8>
            <slot_9></slot_9>
            <slot_3>
                <icon>home-point</icon>
                <type>ex</type>
                <action>sw hp Western Adoulin</action>
                <alias>Western Adoulin</alias>

            </slot_3>

        </hotbar_1>
        <hotbar_3>
            <slot_2></slot_2>
            <slot_7></slot_7>
            <slot_6></slot_6>
            <slot_1></slot_1>
            <slot_4></slot_4>
            <slot_5></slot_5>
            <slot_8></slot_8>
            <slot_9></slot_9>
            <slot_3></slot_3>

        </hotbar_3>
        <hotbar_2>
            <slot_1></slot_1>
            <slot_6></slot_6>
            <slot_2></slot_2>
            <slot_9></slot_9>
            <slot_5></slot_5>
            <slot_8>
                <icon>home-point</icon>
                <type>ex</type>
                <action>sw hp Rabao</action>
                <alias>Rabao</alias>

            </slot_8>
            <slot_7></slot_7>
            <slot_3></slot_3>

        </hotbar_2>

    </Teleport>
    <default>
        <hotbar_4>
            <slot_9></slot_9>

        </hotbar_4>
        <name>Default</name>
        <hotbar_1>
            <slot_9></slot_9>

        </hotbar_1>
        <hotbar_3>
            <slot_9></slot_9>

        </hotbar_3>
        <hotbar_2>
            <slot_9></slot_9>

        </hotbar_2>

    </default>
    <basic>
        <hotbar_4>
            <slot_9></slot_9>

        </hotbar_4>
        <name>Basic</name>
        <hotbar_1>
            <slot_9></slot_9>

        </hotbar_1>
        <hotbar_3>
            <slot_5>
                <target>stnpc</target>
                <type>ja</type>
                <action>Feral Howl</action>
                <alias>Feral Howl</alias>

            </slot_5>
            <slot_8>
                <target>me</target>
                <type>ma</type>
                <action>Utsusemi: Ni</action>
                <alias>Utsusemi: Ni</alias>

            </slot_8>
            <slot_3>
                <target>stnpc</target>
                <type>ja</type>
                <action>Charm</action>
                <alias>Charm</alias>

            </slot_3>
            <slot_9></slot_9>

        </hotbar_3>
        <hotbar_2>
            <slot_9></slot_9>
            <slot_7>
                <target>t</target>
                <type>ws</type>
                <action>Ruinator</action>
                <alias>Ruinator</alias>

            </slot_7>
            <slot_6>
                <target>t</target>
                <type>ws</type>
                <action>Primal Rend</action>
                <alias>Primal Rend</alias>

            </slot_6>
            <slot_3>
                <icon>mounts/tulfaire</icon>
                <type>ex</type>
                <action>gs c Ready three</action>
                <alias>Ready 3</alias>

            </slot_3>
            <slot_4>
                <target>stnpc</target>
                <type>pet</type>
                <action>Fight</action>
                <alias>Fight</alias>

            </slot_4>
            <slot_5>
                <target>t</target>
                <type>ws</type>
                <action>Cloudsplitter</action>
                <alias>Cloudsplitter</alias>

            </slot_5>
            <slot_8>
                <target>t</target>
                <type>ws</type>
                <action>Mistral Axe</action>
                <alias>Mistral Axe</alias>

            </slot_8>
            <slot_2>
                <icon>mounts/tiger</icon>
                <type>ex</type>
                <action>gs c Ready two</action>
                <alias>Ready</alias>

            </slot_2>
            <slot_1>
                <icon>mounts/beetle</icon>
                <type>ex</type>
                <action>gs c Ready one</action>
                <alias>Ready 1</alias>

            </slot_1>

        </hotbar_2>

    </basic>
    <classic>
        <hotbar_4>
            <slot_2></slot_2>
            <slot_7></slot_7>
            <slot_6></slot_6>
            <slot_3></slot_3>
            <slot_4></slot_4>
            <slot_5></slot_5>
            <slot_8></slot_8>
            <slot_9></slot_9>
            <slot_1></slot_1>

        </hotbar_4>
        <name>Classic</name>
        <hotbar_1>
            <slot_2></slot_2>
            <slot_7></slot_7>
            <slot_6></slot_6>
            <slot_3></slot_3>
            <slot_4></slot_4>
            <slot_5></slot_5>
            <slot_8></slot_8>
            <slot_9></slot_9>
            <slot_1></slot_1>

        </hotbar_1>
        <hotbar_3>
            <slot_2></slot_2>
            <slot_7></slot_7>
            <slot_6></slot_6>
            <slot_3></slot_3>
            <slot_4></slot_4>
            <slot_5></slot_5>
            <slot_8></slot_8>
            <slot_9></slot_9>
            <slot_1></slot_1>

        </hotbar_3>
        <hotbar_2>
            <slot_2></slot_2>
            <slot_7></slot_7>
            <slot_6></slot_6>
            <slot_3></slot_3>
            <slot_4></slot_4>
            <slot_5></slot_5>
            <slot_8></slot_8>
            <slot_9></slot_9>
            <slot_1></slot_1>

        </hotbar_2>

    </classic>
    <field>
        <hotbar_4>
            <slot_2></slot_2>
            <slot_7></slot_7>
            <slot_6></slot_6>
            <slot_3></slot_3>
            <slot_4></slot_4>
            <slot_5></slot_5>
            <slot_8></slot_8>
            <slot_9></slot_9>
            <slot_1></slot_1>

        </hotbar_4>
        <name>Field</name>
        <hotbar_1>
            <slot_2></slot_2>
            <slot_7></slot_7>
            <slot_6></slot_6>
            <slot_3></slot_3>
            <slot_4></slot_4>
            <slot_5></slot_5>
            <slot_8></slot_8>
            <slot_9></slot_9>
            <slot_1></slot_1>

        </hotbar_1>
        <hotbar_3>
            <slot_2></slot_2>
            <slot_7></slot_7>
            <slot_6></slot_6>
            <slot_3></slot_3>
            <slot_4></slot_4>
            <slot_5></slot_5>
            <slot_8></slot_8>
            <slot_9></slot_9>
            <slot_1></slot_1>

        </hotbar_3>
        <hotbar_2>
            <slot_2></slot_2>
            <slot_7>
                <type>ma</type>
                <action>Monomi: Ichi</action>
                <target>me</target>
                <alias>Monomi: Ichi</alias>
                <icon>home-point</icon>

            </slot_7>
            <slot_6>
                <type>ma</type>
                <action>Tonko: Ni</action>
                <target>me</target>
                <alias>Tonko: Ni</alias>
                <icon>home-point</icon>

            </slot_6>
            <slot_3></slot_3>
            <slot_4></slot_4>
            <slot_5>
                <type>ma</type>
                <action>Kupofried</action>
                <target>me</target>
                <alias>Kupofried</alias>
                <icon>home-point</icon>

            </slot_5>
            <slot_8></slot_8>
            <slot_9></slot_9>
            <slot_1></slot_1>

        </hotbar_2>

    </field>

</hotbar>
