<hotbar>
    <job-default>
        <hotbar_4>
            <slot_9></slot_9>
            <slot_7>
                <target>me</target>
                <type>ja</type>
                <action>Familiar</action>
                <alias>Familiar</alias>

            </slot_7>
            <slot_6>
                <target>me</target>
                <type>ja</type>
                <action>Unleash</action>
                <alias>Unleash</alias>

            </slot_6>
            <slot_3>
                <icon>khajit/choco-def</icon>
                <type>ex</type>
                <action>gs c cycle PhysicalDefenseMode</action>
                <alias>DT mode</alias>

            </slot_3>
            <slot_4>
                <icon>khajit/choco-def</icon>
                <type>ex</type>
                <action>gs c cycle HybridMode</action>
                <alias>Hybrid mode</alias>

            </slot_4>
            <slot_5>
                <target>me</target>
                <type>pet</type>
                <action>Run Wild</action>
                <alias>Run Wild</alias>

            </slot_5>
            <slot_8>
                <target>me</target>
                <type>ja</type>
                <action>Killer Instinct</action>
                <alias>Killer Instinct</alias>

            </slot_8>
            <slot_2>
                <icon>khajit/cycle</icon>
                <type>ex</type>
                <action>gs c cycle offensemode</action>
                <alias>Accuracy</alias>

            </slot_2>
            <slot_1>
                <icon>khajit/idle</icon>
                <type>ex</type>
                <action>gs c cycle IdleMode</action>
                <alias>Idle Cycle</alias>

            </slot_1>

        </hotbar_4>
        <name>Job Default</name>
        <hotbar_1>
            <slot_1>
                <icon>mounts/mount-roulette</icon>
                <type>ex</type>
                <action>gs c cycle JugMode</action>
                <alias>Jugmode</alias>

            </slot_1>
            <slot_6>
                <target>me</target>
                <type>pet</type>
                <action>Leave</action>
                <alias>Leave</alias>

            </slot_6>
            <slot_5>
                <icon>mounts/beetle</icon>
                <type>ex</type>
                <action>gs c cycle CorrelationMode</action>
                <alias>Corr.</alias>

            </slot_5>
            <slot_9></slot_9>
            <slot_7>
                <icon>mounts/morbol</icon>
                <type>ex</type>
                <action>gs c cycle WeaponskillMode</action>
                <alias>WS Mode</alias>

            </slot_7>
            <slot_8>
                <icon>mounts/tiger</icon>
                <type>ex</type>
                <action>gs c cycle PetMode</action>
                <alias>PetMode</alias>

            </slot_8>
            <slot_2>
			                <icon>mounts/crawler</icon>
                <target>me</target>
                <type>ja</type>
                <action>Bestial Loyalty</action>
                <alias>Bestial Loyalty</alias>

            </slot_2>
            <slot_3>
                <target>me</target>
                <type>ja</type>
                <action>Call Beast</action>
                <alias>Call Beast</alias>

            </slot_3>

        </hotbar_1>
        <hotbar_3>
            <slot_6>
                <target>me</target>
                <type>pet</type>
                <action>Leave</action>
                <alias>Leave</alias>

            </slot_6>
            <slot_5>
                <target>me</target>
                <type>ja</type>
                <action>Reward</action>
                <alias>Reward</alias>

            </slot_5>
            <slot_9></slot_9>
            <slot_7>
                <target>t</target>
                <type>ja</type>
                <action>Feral Howl</action>
                <alias>Feral Howl</alias>

            </slot_7>
            <slot_8>
                <target>me</target>
                <type>pet</type>
                <action>Snarl</action>
                <alias>Snarl</alias>

            </slot_8>
            <slot_4>
                <target>me</target>
                <type>pet</type>
                <action>Heel</action>
                <alias>Heel</alias>

            </slot_4>
            <slot_3>
                <target>me</target>
                <type>pet</type>
                <action>Spur</action>
                <alias>Spur</alias>

            </slot_3>

        </hotbar_3>
        <hotbar_2>
            <slot_6>
                <target>t</target>
                <type>ws</type>
                <action>Ruinator</action>
                <alias>Ruinator</alias>

            </slot_6>
            <slot_9></slot_9>
            <slot_5>
                <target>t</target>
                <type>ws</type>
                <action>Cloudsplitter</action>
                <alias>Cloudsplitter</alias>

            </slot_5>
            <slot_8>
                <target>t</target>
                <type>ws</type>
                <action>Mistral Axe</action>
                <alias>Mistral Axe</alias>

            </slot_8>
            <slot_7>
                <target>t</target>
                <type>ws</type>
                <action>Primal Rend</action>
                <alias>Primal Rend</alias>

            </slot_7>

        </hotbar_2>

    </job-default>

</hotbar>
