<hotbar>
    <default>
        <hotbar_4>
            <slot_9></slot_9>

        </hotbar_4>
        <name>Default</name>
        <hotbar_1>
            <slot_9></slot_9>

        </hotbar_1>
        <hotbar_3>
            <slot_9></slot_9>

        </hotbar_3>
        <hotbar_2>
            <slot_9></slot_9>

        </hotbar_2>

    </default>
    <basic>
        <hotbar_4>
            <slot_9></slot_9>

        </hotbar_4>
        <name>Basic</name>
        <hotbar_1>
            <slot_1>
                <target>me</target>
                <type>ja</type>
                <action>Berserk</action>
                <alias>Berserk</alias>

            </slot_1>
            <slot_9></slot_9>

        </hotbar_1>
        <hotbar_3>
            <slot_9></slot_9>

        </hotbar_3>
        <hotbar_2>
            <slot_6>
                <target>t</target>
                <type>ws</type>
                <action>Leaden Salute</action>
                <alias>Leaden Salute</alias>

            </slot_6>
            <slot_9></slot_9>
            <slot_5>
                <target>t</target>
                <type>ws</type>
                <action>Savage Blade</action>
                <alias>Savage Blade</alias>

            </slot_5>
            <slot_8>
                <target>t</target>
                <type>ws</type>
                <action>Last Stand</action>
                <alias>Last Stand</alias>

            </slot_8>
            <slot_7>
                <target>t</target>
                <type>ws</type>
                <action>Evisceration</action>
                <alias>Evisceration</alias>

            </slot_7>

        </hotbar_2>

    </basic>

</hotbar>
