<hotbar>
    <default>
        <hotbar_4>
            <slot_9></slot_9>

        </hotbar_4>
        <name>Default</name>
        <hotbar_1>
            <slot_9></slot_9>

        </hotbar_1>
        <hotbar_3>
            <slot_9></slot_9>

        </hotbar_3>
        <hotbar_2>
            <slot_9></slot_9>

        </hotbar_2>

    </default>
    <basic>
        <hotbar_4>
            <slot_9></slot_9>
            <slot_7>
                <target>me</target>
                <type>ja</type>
                <action>Fold</action>
                <alias>Fold</alias>

            </slot_7>
            <slot_1>
                <target>me</target>
                <type>ja</type>
                <action>Tactician&apos;s Roll</action>
                <alias>Tactician&apos;s Roll</alias>

            </slot_1>
            <slot_4>
                <icon>jobs/SAM</icon>
                <type>mount</type>
                <action>Mount Roulette</action>
                <alias>Mount Roulette</alias>

            </slot_4>
            <slot_3>
                <type>ct</type>
                <action>ra</action>
                <target>t</target>
                <alias>Ranged Attack</alias>
                <icon>ranged</icon>

            </slot_3>

        </hotbar_4>
        <name>Basic</name>
        <hotbar_1>
            <slot_2>
                <type>ja</type>
                <action>Chaos Roll</action>
                <target>me</target>
                <alias>Chaos Roll</alias>
                <icon>abilities/aggressor</icon>

            </slot_2>
            <slot_6>
                <type>ja</type>
                <action>Random Deal</action>
                <target>me</target>
                <alias>Random Deal</alias>
                <icon>abilities/aggressor</icon>

            </slot_6>
            <slot_5>
                <icon>jobs/SAM</icon>
                <type>ex</type>
                <action>jobs/SAM</action>
                <alias>placeholder</alias>

            </slot_5>
            <slot_9></slot_9>
            <slot_7>
                <type>ja</type>
                <action>Double-Up</action>
                <target>me</target>
                <alias>Double-Up</alias>
                <icon>abilities/aggressor</icon>

            </slot_7>
            <slot_8>
                <type>ja</type>
                <action>Snake Eye</action>
                <target>me</target>
                <alias>Snake Eye</alias>
                <icon>abilities/aggressor</icon>

            </slot_8>
            <slot_4>
                <type>ja</type>
                <action>Crooked Cards</action>
                <target>me</target>
                <alias>Crooked Cards</alias>
                <icon>abilities/aggressor</icon>

            </slot_4>
            <slot_3>
                <type>ja</type>
                <action>Samurai Roll</action>
                <target>me</target>
                <alias>Samurai Roll</alias>
                <icon>abilities/aggressor</icon>

            </slot_3>

        </hotbar_1>
        <hotbar_3>
            <slot_1>
                <type>item</type>
                <action>El. Pachira Fruit</action>
                <target>me</target>
                <alias>El. Pachira Fruit</alias>
                <icon>abilities/apogee</icon>

            </slot_1>
            <slot_4>
                <type>ja</type>
                <action>Triple Shot</action>
                <target>me</target>
                <alias>Triple Shot</alias>
                <icon>abilities/aggressor</icon>

            </slot_4>
            <slot_7>
                <type>ws</type>
                <action>Flat Blade</action>
                <target>t</target>
                <alias>Flat Blade</alias>
                <icon>abilities/aggressor</icon>

            </slot_7>
            <slot_9></slot_9>
            <slot_5>
                <type>ja</type>
                <action>Light Shot</action>
                <target>t</target>
                <alias>Light Shot</alias>
                <icon>abilities/aggressor</icon>

            </slot_5>
            <slot_8>
                <type>ma</type>
                <action>Utsusemi: Ni</action>
                <target>me</target>
                <alias>Utsusemi: Ni</alias>
                <icon>abilities/aggressor</icon>

            </slot_8>
            <slot_2>
                <target>me</target>
                <type>item</type>
                <action>Remedy</action>
                <alias>Remedy</alias>

            </slot_2>
            <slot_3>
                <type>ct</type>
                <action>ra</action>
                <target>t</target>
                <alias>Ranged Attack</alias>
                <icon>ranged</icon>

            </slot_3>

        </hotbar_3>
        <hotbar_2>
            <slot_6>
                <type>ws</type>
                <action>Leaden Salute</action>
                <target>t</target>
                <alias>Leaden Salute</alias>
                <icon>abilities/aggressor</icon>

            </slot_6>
            <slot_9></slot_9>
            <slot_7>
                <type>ws</type>
                <action>Evisceration</action>
                <target>t</target>
                <alias>Evisceration</alias>
                <icon>abilities/aggressor</icon>

            </slot_7>
            <slot_8>
                <type>ws</type>
                <action>Last Stand</action>
                <target>t</target>
                <alias>Last Stand</alias>
                <icon>abilities/aggressor</icon>

            </slot_8>
            <slot_5>
                <type>ws</type>
                <action>Savage Blade</action>
                <target>t</target>
                <alias>Savage Blade</alias>
                <icon>abilities/aggressor</icon>

            </slot_5>
            <slot_4>
                <type>a</type>
                <action>a</action>
                <target>stnpc</target>
                <alias>Attack</alias>
                <icon>attack</icon>

            </slot_4>

        </hotbar_2>

    </basic>

</hotbar>
