<hotbar>
    <job-default>
        <hotbar_4>
            <slot_9></slot_9>

        </hotbar_4>
        <name>Job Default</name>
        <hotbar_1>
            <slot_3>
                <target>me</target>
                <type>ja</type>
                <action>Saber Dance</action>
                <alias>Saber Dance</alias>

            </slot_3>
            <slot_1>
                <target>me</target>
                <type>ja</type>
                <action>Haste Samba</action>
                <alias>Haste Samba</alias>

            </slot_1>
            <slot_4>
                <target>me</target>
                <type>ja</type>
                <action>Berserk</action>
                <alias>Berserk</alias>

            </slot_4>
            <slot_9></slot_9>

        </hotbar_1>
        <hotbar_3>
            <slot_6>
                <target>me</target>
                <type>ja</type>
                <action>Chocobo Jig II</action>
                <alias>Chocobo Jig II</alias>

            </slot_6>
            <slot_9></slot_9>
            <slot_7>
                <target>t</target>
                <type>ja</type>
                <action>Violent Flourish</action>
                <alias>Violent Flourish</alias>

            </slot_7>
            <slot_8>
                <target>stpc</target>
                <type>ja</type>
                <action>Curing Waltz IV</action>
                <alias>Curing Waltz IV</alias>

            </slot_8>
            <slot_4>
                <target>me</target>
                <type>ja</type>
                <action>No Foot Rise</action>
                <alias>No Foot Rise</alias>

            </slot_4>
            <slot_5>
                <target>me</target>
                <type>ja</type>
                <action>Contradance</action>
                <alias>Contradance</alias>

            </slot_5>

        </hotbar_3>
        <hotbar_2>
            <slot_2>
                <target>me</target>
                <type>ja</type>
                <action>No Foot Rise</action>
                <alias>No Foot Rise</alias>

            </slot_2>
            <slot_7>
                <target>t</target>
                <type>ws</type>
                <action>Rudra&apos;s Storm</action>
                <alias>Rudra&apos;s Storm</alias>

            </slot_7>
            <slot_6>
                <target>t</target>
                <type>ws</type>
                <action>Evisceration</action>
                <alias>Evisceration</alias>

            </slot_6>
            <slot_3>
                <target>t</target>
                <type>ja</type>
                <action>Feather Step</action>
                <alias>Feather Step</alias>

            </slot_3>
            <slot_4>
                <target>t</target>
                <type>ja</type>
                <action>Box Step</action>
                <alias>Box Step</alias>

            </slot_4>
            <slot_5>
                <target>t</target>
                <type>ws</type>
                <action>Shark Bite</action>
                <alias>Shark Bite</alias>

            </slot_5>
            <slot_8>
                <target>me</target>
                <type>ja</type>
                <action>Climactic Flourish</action>
                <alias>Climactic Flourish</alias>

            </slot_8>
            <slot_9></slot_9>
            <slot_1>
                <target>me</target>
                <type>ja</type>
                <action>Reverse Flourish</action>
                <alias>Reverse Flourish</alias>

            </slot_1>

        </hotbar_2>

    </job-default>

</hotbar>
