<hotbar>
    <default>
        <hotbar_4>
            <slot_9></slot_9>

        </hotbar_4>
        <name>Default</name>
        <hotbar_1>
            <slot_9></slot_9>

        </hotbar_1>
        <hotbar_3>
            <slot_9></slot_9>

        </hotbar_3>
        <hotbar_2>
            <slot_9></slot_9>

        </hotbar_2>

    </default>
    <basic>
        <hotbar_4>
            <slot_9></slot_9>

        </hotbar_4>
        <name>Basic</name>
        <hotbar_1>
            <slot_9></slot_9>

        </hotbar_1>
        <hotbar_3>
            <slot_7>
                <target>t</target>
                <type>ja</type>
                <action>Violent Flourish</action>
                <alias>Violent Flourish</alias>

            </slot_7>
            <slot_9></slot_9>

        </hotbar_3>
        <hotbar_2>
            <slot_1>
                <target>me</target>
                <type>ja</type>
                <action>Reverse Flourish</action>
                <alias>Reverse Flourish</alias>

            </slot_1>
            <slot_9></slot_9>

        </hotbar_2>

    </basic>

</hotbar>
