<hotbar>
    <default>
        <hotbar_4>
            <slot_9></slot_9>

        </hotbar_4>
        <name>Default</name>
        <hotbar_1>
            <slot_9></slot_9>

        </hotbar_1>
        <hotbar_3>
            <slot_9></slot_9>

        </hotbar_3>
        <hotbar_2>
            <slot_9></slot_9>

        </hotbar_2>

    </default>
    <basic>
        <hotbar_4>
            <slot_6>
                <target>me</target>
                <type>ja</type>
                <action>Hasso</action>
                <alias>Hasso</alias>

            </slot_6>
            <slot_9></slot_9>
            <slot_7>
                <target>me</target>
                <type>ja</type>
                <action>Warding Circle</action>
                <alias>Warding Circle</alias>

            </slot_7>
            <slot_8>
                <target>t</target>
                <type>ja</type>
                <action>Arcane Crest</action>
                <alias>Arcane Crest</alias>

            </slot_8>
            <slot_5>
                <target>me</target>
                <type>ja</type>
                <action>Arcane Circle</action>
                <alias>Arcane Circle</alias>

            </slot_5>

        </hotbar_4>
        <name>Basic</name>
        <hotbar_1>
            <slot_5>
                <target>t</target>
                <type>ws</type>
                <action>Judgment</action>
                <alias>Judgment</alias>

            </slot_5>
            <slot_4>
                <target>me</target>
                <type>ja</type>
                <action>Last Resort</action>
                <alias>Last Resort</alias>

            </slot_4>
            <slot_3>
                <target>me</target>
                <type>ja</type>
                <action>Hasso</action>
                <alias>Hasso</alias>

            </slot_3>
            <slot_9></slot_9>

        </hotbar_1>
        <hotbar_3>
            <slot_5>
                <target>me</target>
                <type>ja</type>
                <action>Sekkanoki</action>
                <alias>Sekkanoki</alias>

            </slot_5>
            <slot_2>
                <target>me</target>
                <type>item</type>
                <action>Remedy</action>
                <alias>Remedy</alias>

            </slot_2>
            <slot_1>
                <target>me</target>
                <type>item</type>
                <action>El. Pachira Fruit</action>
                <alias>El. Pachira Fruit</alias>

            </slot_1>
            <slot_9></slot_9>

        </hotbar_3>
        <hotbar_2>
            <slot_6>
                <target>t</target>
                <type>ws</type>
                <action>Cross Reaper</action>
                <alias>Cross Reaper</alias>

            </slot_6>
            <slot_9></slot_9>
            <slot_5>
                <target>t</target>
                <type>ws</type>
                <action>Entropy</action>
                <alias>Entropy</alias>

            </slot_5>
            <slot_8>
                <target>t</target>
                <type>ws</type>
                <action>Quietus</action>
                <alias>Quietus</alias>

            </slot_8>
            <slot_7>
                <target>t</target>
                <type>ws</type>
                <action>Catastrophe</action>
                <alias>Catastrophe</alias>

            </slot_7>

        </hotbar_2>

    </basic>

</hotbar>
