<hotbar>
    <greatsword>
        <hotbar_4>
            <slot_4></slot_4>
            <slot_6></slot_6>
            <slot_7></slot_7>
            <slot_2></slot_2>
            <slot_5></slot_5>
            <slot_8></slot_8>
            <slot_3></slot_3>
            <slot_1></slot_1>

        </hotbar_4>
        <name>GreatSword</name>
        <hotbar_1>
            <slot_4></slot_4>
            <slot_6></slot_6>
            <slot_7></slot_7>
            <slot_2></slot_2>
            <slot_5></slot_5>
            <slot_8></slot_8>
            <slot_3></slot_3>
            <slot_1></slot_1>

        </hotbar_1>
        <hotbar_3>
            <slot_4></slot_4>
            <slot_6></slot_6>
            <slot_7></slot_7>
            <slot_2></slot_2>
            <slot_5></slot_5>
            <slot_8></slot_8>
            <slot_3></slot_3>
            <slot_1></slot_1>

        </hotbar_3>
        <hotbar_2>
            <slot_4></slot_4>
            <slot_6></slot_6>
            <slot_7></slot_7>
            <slot_2></slot_2>
            <slot_5></slot_5>
            <slot_8></slot_8>
            <slot_3></slot_3>
            <slot_1></slot_1>

        </hotbar_2>

    </greatsword>
    <default>
        <hotbar_4>
            <slot_9></slot_9>

        </hotbar_4>
        <name>Default</name>
        <hotbar_1>
            <slot_9></slot_9>

        </hotbar_1>
        <hotbar_3>
            <slot_9></slot_9>

        </hotbar_3>
        <hotbar_2>
            <slot_9></slot_9>

        </hotbar_2>

    </default>
    <basic>
        <hotbar_4>
            <slot_9></slot_9>

        </hotbar_4>
        <name>Basic</name>
        <hotbar_1>
            <slot_9></slot_9>

        </hotbar_1>
        <hotbar_3>
            <slot_9></slot_9>

        </hotbar_3>
        <hotbar_2>
            <slot_9></slot_9>

        </hotbar_2>

    </basic>

</hotbar>
