<hotbar>
    <job-default>
        <hotbar_4>
            <slot_6>
                <target>me</target>
                <type>ja</type>
                <action>Sekkanoki</action>
                <alias>Sekkanoki</alias>

            </slot_6>
            <slot_9></slot_9>
            <slot_5>
                <target>me</target>
                <type>ja</type>
                <action>Warding Circle</action>
                <alias>Warding Circle</alias>

            </slot_5>
            <slot_8>
                <target>me</target>
                <type>ja</type>
                <action>Arcane Circle</action>
                <alias>Arcane Circle</alias>

            </slot_8>
            <slot_7>
                <target>me</target>
                <type>ja</type>
                <action>Seigan</action>
                <alias>Seigan</alias>

            </slot_7>
            <slot_3>
                <type>ja</type>
                <action>Nether Void</action>
                <target>me</target>
                <alias>Nether Void</alias>
                <source_environment>job-default</source_environment>

            </slot_3>

        </hotbar_4>
        <name>Job Default</name>
        <hotbar_1>
            <slot_2>
                <type>ja</type>
                <action>Consume Mana</action>
                <target>me</target>
                <alias>Consume Mana</alias>
                <source_environment>job-default</source_environment>

            </slot_2>
            <slot_7>
                <type>ma</type>
                <action>Dread Spikes</action>
                <target>me</target>
                <alias>Dread Spikes</alias>
                <source_environment>job-default</source_environment>

            </slot_7>
            <slot_6>
                <type>ma</type>
                <action>Endark II</action>
                <target>me</target>
                <alias>Endark II</alias>
                <source_environment>job-default</source_environment>

            </slot_6>
            <slot_1>
                <type>ja</type>
                <action>Scarlet Delirium</action>
                <target>me</target>
                <alias>Scarlet Delirium</alias>
                <source_environment>job-default</source_environment>

            </slot_1>
            <slot_4>
                <target>me</target>
                <type>ja</type>
                <action>Last Resort</action>
                <alias>Last Resort</alias>

            </slot_4>
            <slot_5>
                <target>t</target>
                <type>ws</type>
                <action>Guillotine</action>
                <alias>Guillotine</alias>

            </slot_5>
            <slot_8>
                <type>ws</type>
                <action>Insurgency</action>
                <target>t</target>
                <alias>Insurgency</alias>
                <source_environment>job-default</source_environment>

            </slot_8>
            <slot_9></slot_9>
            <slot_3>
                <target>me</target>
                <type>ja</type>
                <action>Souleater</action>
                <alias>Souleater</alias>

            </slot_3>

        </hotbar_1>
        <hotbar_3>
            <slot_6>
                <type>ma</type>
                <action>Stun</action>
                <target>t</target>
                <alias>Stun</alias>
                <source_environment>job-default</source_environment>

            </slot_6>
            <slot_9></slot_9>
            <slot_7>
                <type>ja</type>
                <action>Weapon Bash</action>
                <target>t</target>
                <alias>Weapon Bash</alias>
                <source_environment>job-default</source_environment>

            </slot_7>
            <slot_8>
                <type>ja</type>
                <action>Third Eye</action>
                <target>me</target>
                <alias>Third Eye</alias>
                <source_environment>job-default</source_environment>

            </slot_8>
            <slot_4>
                <type>ja</type>
                <action>Dark Seal</action>
                <target>me</target>
                <alias>Dark Seal</alias>
                <source_environment>job-default</source_environment>

            </slot_4>
            <slot_3>
                <type>ma</type>
                <action>Drain III</action>
                <target>t</target>
                <alias>Drain III</alias>
                <source_environment>job-default</source_environment>

            </slot_3>

        </hotbar_3>
        <hotbar_2>
            <slot_9></slot_9>
            <slot_7>
                <target>t</target>
                <type>ws</type>
                <action>Cross Reaper</action>
                <alias>Cross Reaper</alias>

            </slot_7>
            <slot_6>
                <target>t</target>
                <type>ws</type>
                <action>Entropy</action>
                <alias>Entropy</alias>

            </slot_6>
            <slot_3>
                <type>ma</type>
                <action>Absorb-TP</action>
                <target>t</target>
                <alias>Absorb-TP</alias>
                <source_environment>job-default</source_environment>

            </slot_3>
            <slot_4>
                <type>ma</type>
                <action>Absorb-Attri</action>
                <target>t</target>
                <alias>Absorb-Attri</alias>
                <source_environment>job-default</source_environment>

            </slot_4>
            <slot_5>
                <target>t</target>
                <type>ws</type>
                <action>Quietus</action>
                <alias>Quietus</alias>

            </slot_5>
            <slot_8>
                <target>t</target>
                <type>ws</type>
                <action>Catastrophe</action>
                <alias>Catastrophe</alias>

            </slot_8>
            <slot_2>
                <type>ma</type>
                <action>Absorb-STR</action>
                <target>t</target>
                <alias>Absorb-STR</alias>
                <source_environment>job-default</source_environment>

            </slot_2>
            <slot_1>
                <type>ma</type>
                <action>Absorb-ACC</action>
                <target>t</target>
                <alias>Absorb-ACC</alias>
                <source_environment>job-default</source_environment>

            </slot_1>

        </hotbar_2>

    </job-default>

</hotbar>
