<hotbar>
    <default>
        <hotbar_4>
            <slot_9></slot_9>

        </hotbar_4>
        <name>Default</name>
        <hotbar_1>
            <slot_9></slot_9>

        </hotbar_1>
        <hotbar_3>
            <slot_9></slot_9>

        </hotbar_3>
        <hotbar_2>
            <slot_9></slot_9>

        </hotbar_2>

    </default>
    <basic>
        <hotbar_4>
            <slot_9></slot_9>

        </hotbar_4>
        <name>Basic</name>
        <hotbar_1>
            <slot_4>
                <target>me</target>
                <type>ja</type>
                <action>Berserk</action>
                <alias>Berserk</alias>

            </slot_4>
            <slot_9></slot_9>

        </hotbar_1>
        <hotbar_3>
            <slot_9></slot_9>

        </hotbar_3>
        <hotbar_2>
            <slot_6>
                <target>t</target>
                <type>ws</type>
                <action>Raging Fists</action>
                <alias>Raging Fists</alias>

            </slot_6>
            <slot_4>
                <type>a</type>
                <action>a</action>
                <target>stnpc</target>
                <alias>Attack</alias>
                <icon>attack</icon>

            </slot_4>
            <slot_9></slot_9>
            <slot_5>
                <target>t</target>
                <type>ws</type>
                <action>Victory Smite</action>
                <alias>Victory Smite</alias>

            </slot_5>
            <slot_8>
                <target>t</target>
                <type>ws</type>
                <action>Howling Fist</action>
                <alias>Howling Fist</alias>

            </slot_8>
            <slot_7>
                <target>t</target>
                <type>ws</type>
                <action>Asuran Fists</action>
                <alias>Asuran Fists</alias>

            </slot_7>
            <slot_3>
                <target>me</target>
                <type>ja</type>
                <action>Boost</action>
                <alias>Boost</alias>

            </slot_3>

        </hotbar_2>

    </basic>

</hotbar>
