<hotbar>
    <job-default>
        <hotbar_4>
            <slot_5>
                <target>me</target>
                <type>ja</type>
                <action>Chakra</action>
                <alias>Chakra</alias>

            </slot_5>
            <slot_8>
                <target>me</target>
                <type>ja</type>
                <action>Mantra</action>
                <alias>Mantra</alias>

            </slot_8>
            <slot_7>
                <target>me</target>
                <type>ja</type>
                <action>Dodge</action>
                <alias>Dodge</alias>

            </slot_7>
            <slot_9></slot_9>

        </hotbar_4>
        <name>Job Default</name>
        <hotbar_1>
            <slot_9></slot_9>
            <slot_7>
                <target>t</target>
                <type>ws</type>
                <action>Tornado Kick</action>
                <alias>Tornado Kick</alias>

            </slot_7>
            <slot_6>
                <target>t</target>
                <type>ws</type>
                <action>Dragon Kick</action>
                <alias>Dragon Kick</alias>

            </slot_6>
            <slot_1>
                <target>me</target>
                <type>ja</type>
                <action>Focus</action>
                <alias>Focus</alias>

            </slot_1>
            <slot_4>
                <target>me</target>
                <type>ja</type>
                <action>Berserk</action>
                <alias>Berserk</alias>

            </slot_4>
            <slot_5>
                <target>me</target>
                <type>ja</type>
                <action>Footwork</action>
                <alias>Footwork</alias>

            </slot_5>
            <slot_8>
                <target>me</target>
                <type>ja</type>
                <action>Footwork</action>
                <alias>Footwork</alias>

            </slot_8>
            <slot_2>
                <target>me</target>
                <type>ja</type>
                <action>Counterstance</action>
                <alias>Counterstance</alias>

            </slot_2>
            <slot_3>
                <target>me</target>
                <type>ja</type>
                <action>Impetus</action>
                <alias>Impetus</alias>

            </slot_3>

        </hotbar_1>
        <hotbar_3>
            <slot_6>
                <target>me</target>
                <type>ja</type>
                <action>Warcry</action>
                <alias>Warcry</alias>

            </slot_6>
            <slot_9></slot_9>
            <slot_5>
                <target>stnpc</target>
                <type>ja</type>
                <action>Chi Blast</action>
                <alias>Chi Blast</alias>

            </slot_5>
            <slot_8>
                <target>me</target>
                <type>ja</type>
                <action>Perfect Counter</action>
                <alias>Perfect Counter</alias>

            </slot_8>
            <slot_7>
                <target>t</target>
                <type>ws</type>
                <action>Shoulder Tackle</action>
                <alias>Shoulder Tackle</alias>

            </slot_7>
            <slot_3>
                <target>stnpc</target>
                <type>ja</type>
                <action>Provoke</action>
                <alias>Provoke</alias>

            </slot_3>

        </hotbar_3>
        <hotbar_2>
            <slot_6>
                <target>t</target>
                <type>ws</type>
                <action>Raging Fists</action>
                <alias>Raging Fists</alias>

            </slot_6>
            <slot_9></slot_9>
            <slot_5>
                <target>t</target>
                <type>ws</type>
                <action>Victory Smite</action>
                <alias>Victory Smite</alias>

            </slot_5>
            <slot_8>
                <target>t</target>
                <type>ws</type>
                <action>Howling Fist</action>
                <alias>Howling Fist</alias>

            </slot_8>
            <slot_7>
                <target>t</target>
                <type>ws</type>
                <action>Asuran Fists</action>
                <alias>Asuran Fists</alias>

            </slot_7>

        </hotbar_2>

    </job-default>

</hotbar>
