<hotbar>
    <job-default>
        <hotbar_4>
            <slot_6>
                <target>me</target>
                <type>ja</type>
                <action>Warcry</action>
                <alias>Warcry</alias>

            </slot_6>
            <slot_9></slot_9>
            <slot_7>
                <target>me</target>
                <type>ma</type>
                <action>Myoshu: Ichi</action>
                <alias>Myoshu: Ichi</alias>

            </slot_7>
            <slot_8>
                <target>me</target>
                <type>ma</type>
                <action>Kakka: Ichi</action>
                <alias>Kakka: Ichi</alias>

            </slot_8>
            <slot_5>
                <target>me</target>
                <type>ma</type>
                <action>Migawari: Ichi</action>
                <alias>Migawari: Ichi</alias>

            </slot_5>
            <slot_1>
                <target>t</target>
                <type>ma</type>
                <action>Doton: San</action>
                <alias>Doton: San</alias>

            </slot_1>

        </hotbar_4>
        <name>Job Default</name>
        <hotbar_1>
            <slot_9></slot_9>
            <slot_7>
                <target>t</target>
                <type>ws</type>
                <action>Blade: Retsu</action>
                <alias>Blade: Retsu</alias>

            </slot_7>
            <slot_6>
                <target>t</target>
                <type>ws</type>
                <action>Blade: Chi</action>
                <alias>Blade: Chi</alias>

            </slot_6>
            <slot_3>
                <target>me</target>
                <type>ja</type>
                <action>Yonin</action>
                <alias>Yonin</alias>

            </slot_3>
            <slot_4>
                <target>me</target>
                <type>ja</type>
                <action>Berserk</action>
                <alias>Berserk</alias>

            </slot_4>
            <slot_5>
                <target>t</target>
                <type>ws</type>
                <action>Blade: To</action>
                <alias>Blade: To</alias>

            </slot_5>
            <slot_8>
                <target>t</target>
                <type>ws</type>
                <action>Blade: Rin</action>
                <alias>Blade: Rin</alias>

            </slot_8>
            <slot_2>
                <target>me</target>
                <type>ja</type>
                <action>Innin</action>
                <alias>Innin</alias>

            </slot_2>
            <slot_1>
                <target>me</target>
                <type>ja</type>
                <action>Sange</action>
                <alias>Sange</alias>

            </slot_1>

        </hotbar_1>
        <hotbar_3>
            <slot_9></slot_9>
            <slot_7>
                <target>me</target>
                <type>ma</type>
                <action>Utsusemi: San</action>
                <alias>Utsusemi: San</alias>

            </slot_7>
            <slot_6>
                <target>me</target>
                <type>ja</type>
                <action>Issekigan</action>
                <alias>Issekigan</alias>

            </slot_6>
            <slot_1>
                <target>t</target>
                <type>ma</type>
                <action>Doton: San</action>
                <alias>Doton: San</alias>

            </slot_1>
            <slot_4>
                <target>t</target>
                <type>ma</type>
                <action>Raiton: San</action>
                <alias>Raiton: San</alias>

            </slot_4>
            <slot_5>
                <target>me</target>
                <type>ma</type>
                <action>Utsusemi: Ichi</action>
                <alias>Utsusemi: Ichi</alias>

            </slot_5>
            <slot_8>
                <target>me</target>
                <type>ma</type>
                <action>Utsusemi: Ni</action>
                <alias>Utsusemi: Ni</alias>

            </slot_8>
            <slot_2>
                <target>me</target>
                <type>item</type>
                <action>Remedy</action>
                <alias>Remedy</alias>

            </slot_2>
            <slot_3>
                <target>stnpc</target>
                <type>ja</type>
                <action>Provoke</action>
                <alias>Provoke</alias>

            </slot_3>

        </hotbar_3>
        <hotbar_2>
            <slot_6>
                <target>t</target>
                <type>ws</type>
                <action>Blade: Ten</action>
                <alias>Blade: Ten</alias>

            </slot_6>
            <slot_9></slot_9>
            <slot_7>
                <target>t</target>
                <type>ws</type>
                <action>Blade: Hi</action>
                <alias>Blade: Hi</alias>

            </slot_7>
            <slot_8>
                <target>t</target>
                <type>ws</type>
                <action>Blade: Shun</action>
                <alias>Blade: Shun</alias>

            </slot_8>
            <slot_5>
                <target>t</target>
                <type>ws</type>
                <action>Blade: Kamu</action>
                <alias>Blade: Kamu</alias>

            </slot_5>

        </hotbar_2>

    </job-default>

</hotbar>
