<hotbar>
    <test>
        <hotbar_4>
            <slot_2></slot_2>
            <slot_7></slot_7>
            <slot_6></slot_6>
            <slot_3>
                <target>stnpc</target>
                <type>ja</type>
                <action>Provoke</action>
                <alias>Provoke</alias>

            </slot_3>
            <slot_4></slot_4>
            <slot_5></slot_5>
            <slot_8></slot_8>
            <slot_9></slot_9>
            <slot_1></slot_1>

        </hotbar_4>
        <name>Test</name>
        <hotbar_1>
            <slot_2>
                <target>stpt</target>
                <type>ja</type>
                <action>Cover</action>
                <alias>Cover</alias>

            </slot_2>
            <slot_7>
                <target>me</target>
                <type>ja</type>
                <action>Rampart</action>
                <alias>Rampart</alias>

            </slot_7>
            <slot_6>
                <target>me</target>
                <type>ma</type>
                <action>Crusade</action>
                <alias>Crusade</alias>

            </slot_6>
            <slot_3></slot_3>
            <slot_4>
                <target>me</target>
                <type>ja</type>
                <action>Aggressor</action>
                <alias>Aggressor</alias>

            </slot_4>
            <slot_5>
                <target>me</target>
                <type>ja</type>
                <action>Defender</action>
                <alias>Defender</alias>

            </slot_5>
            <slot_8>
                <target>me</target>
                <type>ja</type>
                <action>Sentinel</action>
                <alias>Sentinel</alias>

            </slot_8>
            <slot_9></slot_9>
            <slot_1>
                <target>me</target>
                <type>ja</type>
                <action>Berserk</action>
                <alias>Berserk</alias>

            </slot_1>

        </hotbar_1>
        <hotbar_3>
            <slot_2></slot_2>
            <slot_7>
                <target>stnpc</target>
                <type>ma</type>
                <action>Flash</action>
                <alias>Flash</alias>

            </slot_7>
            <slot_6></slot_6>
            <slot_3>
                <target>stnpc</target>
                <type>ja</type>
                <action>Provoke</action>
                <alias>Provoke</alias>

            </slot_3>
            <slot_4></slot_4>
            <slot_5></slot_5>
            <slot_8>
                <target>me</target>
                <type>ja</type>
                <action>Divine Emblem</action>
                <alias>Divine Emblem</alias>

            </slot_8>
            <slot_9></slot_9>
            <slot_1></slot_1>

        </hotbar_3>
        <hotbar_2>
            <slot_2>
                <target>me</target>
                <type>ma</type>
                <action>Reprisal</action>
                <alias>Reprisal</alias>

            </slot_2>
            <slot_7>
                <target>t</target>
                <type>ws</type>
                <action>Atonement</action>
                <alias>Atonement</alias>

            </slot_7>
            <slot_6></slot_6>
            <slot_3>
                <target>stpc</target>
                <type>ma</type>
                <action>Cure IV</action>
                <alias>Cure IV</alias>

            </slot_3>
            <slot_4>
                <target>me</target>
                <type>ja</type>
                <action>Majesty</action>
                <alias>Majesty</alias>

            </slot_4>
            <slot_5>
                <target>t</target>
                <type>ws</type>
                <action>Savage Blade</action>
                <alias>Savage Blade</alias>

            </slot_5>
            <slot_8>
                <target>t</target>
                <type>ws</type>
                <action>Atonement</action>
                <alias>Atonement</alias>

            </slot_8>
            <slot_9></slot_9>
            <slot_1>
                <target>me</target>
                <type>ma</type>
                <action>Phalanx</action>
                <alias>Phalanx</alias>

            </slot_1>

        </hotbar_2>

    </test>
    <test2>
        <hotbar_4>
            <slot_2></slot_2>
            <slot_7></slot_7>
            <slot_6></slot_6>
            <slot_1></slot_1>
            <slot_4></slot_4>
            <slot_5></slot_5>
            <slot_8></slot_8>
            <slot_9></slot_9>
            <slot_3></slot_3>

        </hotbar_4>
        <name>Test2</name>
        <hotbar_1>
            <slot_2></slot_2>
            <slot_7></slot_7>
            <slot_6></slot_6>
            <slot_1></slot_1>
            <slot_4></slot_4>
            <slot_5></slot_5>
            <slot_8></slot_8>
            <slot_9></slot_9>
            <slot_3></slot_3>

        </hotbar_1>
        <hotbar_3>
            <slot_2></slot_2>
            <slot_7></slot_7>
            <slot_6></slot_6>
            <slot_1></slot_1>
            <slot_4></slot_4>
            <slot_5></slot_5>
            <slot_8></slot_8>
            <slot_9></slot_9>
            <slot_3></slot_3>

        </hotbar_3>
        <hotbar_2>
            <slot_2></slot_2>
            <slot_7></slot_7>
            <slot_6></slot_6>
            <slot_1></slot_1>
            <slot_4></slot_4>
            <slot_5></slot_5>
            <slot_8></slot_8>
            <slot_9></slot_9>
            <slot_3></slot_3>

        </hotbar_2>

    </test2>

</hotbar>
