<hotbar>
    <job-default>
        <hotbar_4>
            <slot_6>
                <type>ma</type>
                <action>Crusade</action>
                <target>me</target>
                <alias>Crusade</alias>
                <source_environment>job-default</source_environment>

            </slot_6>
            <slot_9></slot_9>
            <slot_7>
                <type>ja</type>
                <action>Divine Emblem</action>
                <target>me</target>
                <alias>Divine Emblem</alias>
                <source_environment>job-default</source_environment>

            </slot_7>
            <slot_8>
                <type>ja</type>
                <action>Holy Circle</action>
                <target>me</target>
                <alias>Holy Circle</alias>
                <source_environment>job-default</source_environment>

            </slot_8>
            <slot_5>
                <type>ma</type>
                <action>Enlight II</action>
                <target>me</target>
                <alias>Enlight II</alias>
                <source_environment>job-default</source_environment>

            </slot_5>

        </hotbar_4>
        <name>Job Default</name>
        <hotbar_1>
            <slot_9></slot_9>
            <slot_7>
                <type>ja</type>
                <action>Rampart</action>
                <target>me</target>
                <alias>Rampart</alias>
                <source_environment>job-default</source_environment>

            </slot_7>
            <slot_6>
                <type>ma</type>
                <action>Reprisal</action>
                <target>me</target>
                <alias>Reprisal</alias>
                <source_environment>job-default</source_environment>

            </slot_6>
            <slot_1>
                <type>ja</type>
                <action>Fealty</action>
                <target>me</target>
                <alias>Fealty</alias>
                <source_environment>job-default</source_environment>

            </slot_1>
            <slot_4>
                <type>ja</type>
                <action>Majesty</action>
                <target>me</target>
                <alias>Majesty</alias>
                <source_environment>job-default</source_environment>

            </slot_4>
            <slot_5>
                <type>ma</type>
                <action>Phalanx</action>
                <target>me</target>
                <alias>Phalanx</alias>
                <source_environment>job-default</source_environment>

            </slot_5>
            <slot_8>
                <type>ja</type>
                <action>Sentinel</action>
                <target>me</target>
                <alias>Sentinel</alias>
                <source_environment>job-default</source_environment>

            </slot_8>
            <slot_2>
                <type>ja</type>
                <action>Cover</action>
                <target>stpt</target>
                <alias>Cover</alias>
                <source_environment>job-default</source_environment>

            </slot_2>
            <slot_3>
                <type>ja</type>
                <action>Chivalry</action>
                <target>me</target>
                <alias>Chivalry</alias>
                <source_environment>job-default</source_environment>

            </slot_3>

        </hotbar_1>
        <hotbar_3>
            <slot_6>
                <type>ja</type>
                <action>Shield Bash</action>
                <target>t</target>
                <alias>Shield Bash</alias>
                <source_environment>job-default</source_environment>

            </slot_6>
            <slot_2>
                <type>item</type>
                <action>Remedy</action>
                <target>me</target>
                <alias>Remedy</alias>
                <source_environment>job-default</source_environment>

            </slot_2>
            <slot_9></slot_9>
            <slot_5>
                <type>ma</type>
                <action>Flash</action>
                <target>stnpc</target>
                <alias>Flash</alias>
                <source_environment>job-default</source_environment>

            </slot_5>
            <slot_8>
                <type>ja</type>
                <action>Palisade</action>
                <target>me</target>
                <alias>Palisade</alias>
                <source_environment>job-default</source_environment>

            </slot_8>
            <slot_7>
                <type>ma</type>
                <action>Cocoon</action>
                <target>me</target>
                <alias>Cocoon</alias>
                <source_environment>job-default</source_environment>

            </slot_7>
            <slot_1>
                <type>item</type>
                <action>El. Pachira Fruit</action>
                <target>me</target>
                <alias>El. Pachira Fruit</alias>
                <source_environment>job-default</source_environment>

            </slot_1>

        </hotbar_3>
        <hotbar_2>
            <slot_6>
                <type>ma</type>
                <action>Geist Wall</action>
                <target>t</target>
                <alias>Geist Wall</alias>
                <source_environment>job-default</source_environment>

            </slot_6>
            <slot_9></slot_9>
            <slot_5>
                <type>ma</type>
                <action>Jettatura</action>
                <target>t</target>
                <alias>Jettatura</alias>
                <source_environment>job-default</source_environment>

            </slot_5>
            <slot_8>
                <type>ws</type>
                <action>Savage Blade</action>
                <target>t</target>
                <alias>Savage Blade</alias>
                <source_environment>job-default</source_environment>

            </slot_8>
            <slot_7>
                <type>ma</type>
                <action>Cure IV</action>
                <target>stpc</target>
                <alias>Cure IV</alias>
                <source_environment>job-default</source_environment>

            </slot_7>

        </hotbar_2>

    </job-default>

</hotbar>
