<hotbar>
    <greatsword>
        <hotbar_4>
            <slot_9></slot_9>

        </hotbar_4>
        <name>greatsword</name>
        <hotbar_1>
            <slot_8>
                <target>me</target>
                <type>ja</type>
                <action>Lux</action>
                <alias>Lux</alias>

            </slot_8>
            <slot_9></slot_9>

        </hotbar_1>
        <hotbar_3>
            <slot_9></slot_9>

        </hotbar_3>
        <hotbar_2>
            <slot_9></slot_9>

        </hotbar_2>

    </greatsword>
    <default>
        <hotbar_4>
            <slot_9></slot_9>

        </hotbar_4>
        <name>Default</name>
        <hotbar_1>
            <slot_9></slot_9>

        </hotbar_1>
        <hotbar_3>
            <slot_9></slot_9>

        </hotbar_3>
        <hotbar_2>
            <slot_9></slot_9>

        </hotbar_2>

    </default>
    <basic>
        <hotbar_4>
            <slot_9></slot_9>

        </hotbar_4>
        <name>Basic</name>
        <hotbar_1>
            <slot_8>
                <target>me</target>
                <type>ja</type>
                <action>Lux</action>
                <alias>Lux</alias>

            </slot_8>
            <slot_9></slot_9>

        </hotbar_1>
        <hotbar_3>
            <slot_9></slot_9>

        </hotbar_3>
        <hotbar_2>
            <slot_5>
                <target>t</target>
                <type>ma</type>
                <action>Stun</action>
                <alias>Stun</alias>

            </slot_5>
            <slot_9></slot_9>

        </hotbar_2>

    </basic>

</hotbar>
