<hotbar>
    <job-default>
        <hotbar_4>
            <slot_6>
                <type>ma</type>
                <action>Cocoon</action>
                <target>me</target>
                <alias>Cocoon</alias>
                <source_environment>job-default</source_environment>

            </slot_6>
            <slot_9></slot_9>
            <slot_5>
                <type>ma</type>
                <action>Phalanx</action>
                <target>me</target>
                <alias>Phalanx</alias>
                <source_environment>job-default</source_environment>

            </slot_5>
            <slot_8>
                <type>ma</type>
                <action>Crusade</action>
                <target>me</target>
                <alias>Crusade</alias>
                <source_environment>job-default</source_environment>

            </slot_8>
            <slot_2>
                <type>item</type>
                <action>Remedy</action>
                <target>me</target>
                <alias>Remedy</alias>
                <source_environment>job-default</source_environment>

            </slot_2>
            <slot_7>
                <type>ma</type>
                <action>Temper</action>
                <target>me</target>
                <alias>Temper</alias>
                <source_environment>job-default</source_environment>

            </slot_7>

        </hotbar_4>
        <name>Job Default</name>
        <hotbar_1>
            <slot_1>
                <type>ja</type>
                <action>Liement</action>
                <target>me</target>
                <alias>Liement</alias>
                <source_environment>job-default</source_environment>

            </slot_1>
            <slot_9></slot_9>
            <slot_2>
                <type>ja</type>
                <action>Valiance</action>
                <target>me</target>
                <alias>Valiance</alias>
                <source_environment>job-default</source_environment>

            </slot_2>
            <slot_8>
                <type>ja</type>
                <action>Ignis</action>
                <target>me</target>
                <alias>Ignis</alias>
                <source_environment>job-default</source_environment>

            </slot_8>
            <slot_4>
                <type>ja</type>
                <action>Vallation</action>
                <target>me</target>
                <alias>Vallation</alias>
                <source_environment>job-default</source_environment>

            </slot_4>
            <slot_3>
                <type>ja</type>
                <action>Pflug</action>
                <target>me</target>
                <alias>Pflug</alias>
                <source_environment>job-default</source_environment>

            </slot_3>

        </hotbar_1>
        <hotbar_3>
            <slot_2>
                <type>item</type>
                <action>Remedy</action>
                <target>me</target>
                <alias>Remedy</alias>
                <source_environment>job-default</source_environment>

            </slot_2>
            <slot_6>
                <type>ja</type>
                <action>One for All</action>
                <target>me</target>
                <alias>One for All</alias>
                <source_environment>job-default</source_environment>

            </slot_6>
            <slot_4>
                <type>ja</type>
                <action>Gambit</action>
                <target>t</target>
                <alias>Gambit</alias>
                <source_environment>job-default</source_environment>

            </slot_4>
            <slot_9></slot_9>
            <slot_5>
                <type>ma</type>
                <action>Flash</action>
                <target>stnpc</target>
                <alias>Flash</alias>
                <source_environment>job-default</source_environment>

            </slot_5>
            <slot_8>
                <type>ja</type>
                <action>Battuta</action>
                <target>me</target>
                <alias>Battuta</alias>
                <source_environment>job-default</source_environment>

            </slot_8>
            <slot_7>
                <type>ws</type>
                <action>Shockwave</action>
                <target>t</target>
                <alias>Shockwave</alias>
                <source_environment>job-default</source_environment>

            </slot_7>
            <slot_3>
                <type>ja</type>
                <action>Rayke</action>
                <target>t</target>
                <alias>Rayke</alias>
                <source_environment>job-default</source_environment>

            </slot_3>

        </hotbar_3>
        <hotbar_2>
            <slot_6>
                <type>ma</type>
                <action>Geist Wall</action>
                <target>t</target>
                <alias>Geist Wall</alias>
                <source_environment>job-default</source_environment>

            </slot_6>
            <slot_9></slot_9>
            <slot_7>
                <type>ma</type>
                <action>Foil</action>
                <target>me</target>
                <alias>Foil</alias>
                <source_environment>job-default</source_environment>

            </slot_7>
            <slot_8>
                <type>ws</type>
                <action>Dimidiation</action>
                <target>t</target>
                <alias>Dimidiation</alias>
                <source_environment>job-default</source_environment>

            </slot_8>
            <slot_2>
                <type>ma</type>
                <action>Aquaveil</action>
                <target>me</target>
                <alias>Aquaveil</alias>
                <source_environment>job-default</source_environment>

            </slot_2>
            <slot_5>
                <type>ma</type>
                <action>Jettatura</action>
                <target>t</target>
                <alias>Jettatura</alias>
                <source_environment>job-default</source_environment>

            </slot_5>

        </hotbar_2>

    </job-default>

</hotbar>
