<hotbar>
    <shining>
        <hotbar_4>
            <slot_2></slot_2>
            <slot_7></slot_7>
            <slot_6></slot_6>
            <slot_1></slot_1>
            <slot_4></slot_4>
            <slot_5></slot_5>
            <slot_8></slot_8>
            <slot_9></slot_9>
            <slot_3></slot_3>

        </hotbar_4>
        <name>Shining</name>
        <hotbar_1>
            <slot_2></slot_2>
            <slot_7></slot_7>
            <slot_6></slot_6>
            <slot_1></slot_1>
            <slot_4></slot_4>
            <slot_5></slot_5>
            <slot_8></slot_8>
            <slot_9></slot_9>
            <slot_3></slot_3>

        </hotbar_1>
        <hotbar_3>
            <slot_2>
                <target>me</target>
                <type>item</type>
                <action>Remedy</action>
                <alias>Remedy</alias>

            </slot_2>
            <slot_7></slot_7>
            <slot_6></slot_6>
            <slot_1>
                <target>me</target>
                <type>item</type>
                <action>El. Pachira Fruit</action>
                <alias>El. Pachira Fruit</alias>

            </slot_1>
            <slot_4></slot_4>
            <slot_5></slot_5>
            <slot_8></slot_8>
            <slot_9></slot_9>
            <slot_3></slot_3>

        </hotbar_3>
        <hotbar_2>
            <slot_2></slot_2>
            <slot_7>
                <target>t</target>
                <type>ws</type>
                <action>Sonic Thrust</action>
                <alias>Sonic Thrust</alias>

            </slot_7>
            <slot_6>
                <target>t</target>
                <type>ws</type>
                <action>Stardiver</action>
                <alias>Stardiver</alias>

            </slot_6>
            <slot_1></slot_1>
            <slot_4></slot_4>
            <slot_5>
                <target>t</target>
                <type>ws</type>
                <action>Impulse Drive</action>
                <alias>Impulse Drive</alias>

            </slot_5>
            <slot_8></slot_8>
            <slot_9></slot_9>
            <slot_3></slot_3>

        </hotbar_2>

    </shining>
    <default>
        <hotbar_4>
            <slot_9></slot_9>

        </hotbar_4>
        <name>Default</name>
        <hotbar_1>
            <slot_9></slot_9>

        </hotbar_1>
        <hotbar_3>
            <slot_9></slot_9>

        </hotbar_3>
        <hotbar_2>
            <slot_9></slot_9>

        </hotbar_2>

    </default>
    <basic>
        <hotbar_4>
            <slot_9></slot_9>

        </hotbar_4>
        <name>Basic</name>
        <hotbar_1>
            <slot_9></slot_9>

        </hotbar_1>
        <hotbar_3>
            <slot_9></slot_9>

        </hotbar_3>
        <hotbar_2>
            <slot_9></slot_9>

        </hotbar_2>

    </basic>

</hotbar>
