<hotbar>
    <job-default>
        <hotbar_4>
            <slot_6>
                <type>ja</type>
                <action>Warcry</action>
                <target>me</target>
                <alias>Warcry</alias>
                <source_environment>job-default</source_environment>

            </slot_6>
            <slot_9></slot_9>
            <slot_7>
                <type>ja</type>
                <action>Hamanoha</action>
                <target>t</target>
                <alias>Hamanoha</alias>
                <source_environment>job-default</source_environment>

            </slot_7>
            <slot_8>
                <type>ja</type>
                <action>Warding Circle</action>
                <target>me</target>
                <alias>Warding Circle</alias>
                <source_environment>job-default</source_environment>

            </slot_8>
            <slot_5>
                <type>ja</type>
                <action>Meditate</action>
                <target>me</target>
                <alias>Meditate</alias>
                <source_environment>job-default</source_environment>

            </slot_5>

        </hotbar_4>
        <name>Job Default</name>
        <hotbar_1>
            <slot_9></slot_9>
            <slot_7>
                <type>ws</type>
                <action>Tachi: Ageha</action>
                <target>t</target>
                <alias>Tachi: Ageha</alias>
                <source_environment>job-default</source_environment>

            </slot_7>
            <slot_6>
                <type>ws</type>
                <action>Tachi: Jinpu</action>
                <target>t</target>
                <alias>Tachi: Jinpu</alias>
                <source_environment>job-default</source_environment>

            </slot_6>
            <slot_1>
                <type>ja</type>
                <action>Hagakure</action>
                <target>me</target>
                <alias>Hagakure</alias>
                <source_environment>job-default</source_environment>

            </slot_1>
            <slot_4>
                <type>ja</type>
                <action>Berserk</action>
                <target>me</target>
                <alias>Berserk</alias>
                <source_environment>job-default</source_environment>

            </slot_4>
            <slot_5>
                <type>ws</type>
                <action>Tachi: Gekko</action>
                <target>t</target>
                <alias>Tachi: Gekko</alias>
                <source_environment>job-default</source_environment>

            </slot_5>
            <slot_8>
                <type>ws</type>
                <action>Tachi: Yukikaze</action>
                <target>t</target>
                <alias>Tachi: Yukikaze</alias>
                <source_environment>job-default</source_environment>

            </slot_8>
            <slot_2>
                <type>ja</type>
                <action>Konzen-ittai</action>
                <target>t</target>
                <alias>Konzen-ittai</alias>
                <source_environment>job-default</source_environment>

            </slot_2>
            <slot_3>
                <type>ja</type>
                <action>Sengikori</action>
                <target>me</target>
                <alias>Sengikori</alias>
                <source_environment>job-default</source_environment>

            </slot_3>

        </hotbar_1>
        <hotbar_3>
            <slot_6>
                <type>ja</type>
                <action>Sekkanoki</action>
                <target>me</target>
                <alias>Sekkanoki</alias>
                <source_environment>job-default</source_environment>

            </slot_6>
            <slot_3>
                <type>ja</type>
                <action>Provoke</action>
                <target>t</target>
                <alias>Provoke</alias>
                <source_environment>job-default</source_environment>

            </slot_3>
            <slot_9></slot_9>
            <slot_7>
                <type>ja</type>
                <action>Blade Bash</action>
                <target>t</target>
                <alias>Blade Bash</alias>
                <source_environment>job-default</source_environment>

            </slot_7>
            <slot_8>
                <type>ja</type>
                <action>Third Eye</action>
                <target>me</target>
                <alias>Third Eye</alias>
                <source_environment>job-default</source_environment>

            </slot_8>
            <slot_4>
                <type>ja</type>
                <action>Hagakure</action>
                <target>me</target>
                <alias>Hagakure</alias>
                <source_environment>job-default</source_environment>

            </slot_4>
            <slot_1>
                <type>item</type>
                <action>El. Pachira Fruit</action>
                <target>me</target>
                <alias>El. Pachira Fruit</alias>
                <source_environment>job-default</source_environment>

            </slot_1>

        </hotbar_3>
        <hotbar_2>
            <slot_6>
                <type>ws</type>
                <action>Tachi: Rana</action>
                <target>t</target>
                <alias>Tachi: Rana</alias>
                <source_environment>job-default</source_environment>

            </slot_6>
            <slot_4>
                <type>ja</type>
                <action>Seigan</action>
                <target>me</target>
                <alias>Seigan</alias>
                <source_environment>job-default</source_environment>

            </slot_4>
            <slot_9></slot_9>
            <slot_7>
                <type>ws</type>
                <action>Tachi: Fudo</action>
                <target>t</target>
                <alias>Tachi: Fudo</alias>
                <source_environment>job-default</source_environment>

            </slot_7>
            <slot_8>
                <type>ws</type>
                <action>Tachi: Kasha</action>
                <target>t</target>
                <alias>Tachi: Kasha</alias>
                <source_environment>job-default</source_environment>

            </slot_8>
            <slot_5>
                <type>ws</type>
                <action>Tachi: Shoha</action>
                <target>t</target>
                <alias>Tachi: Shoha</alias>
                <source_environment>job-default</source_environment>

            </slot_5>
            <slot_1>
                <type>ja</type>
                <action>Hasso</action>
                <target>me</target>
                <alias>Hasso</alias>
                <source_environment>job-default</source_environment>

            </slot_1>

        </hotbar_2>

    </job-default>

</hotbar>
