<hotbar>
    <default>
        <hotbar_4>
            <slot_9></slot_9>

        </hotbar_4>
        <name>Default</name>
        <hotbar_1>
            <slot_9></slot_9>

        </hotbar_1>
        <hotbar_3>
            <slot_9></slot_9>

        </hotbar_3>
        <hotbar_2>
            <slot_9></slot_9>

        </hotbar_2>

    </default>
    <basic>
        <hotbar_4>
            <slot_7>
                <target>stnpc</target>
                <type>ma</type>
                <action>Banish</action>
                <alias>Banish</alias>

            </slot_7>
            <slot_8>
                <target>stnpc</target>
                <type>ma</type>
                <action>Repose</action>
                <alias>Repose</alias>

            </slot_8>
            <slot_9></slot_9>

        </hotbar_4>
        <name>Basic</name>
        <hotbar_1>
            <slot_9></slot_9>

        </hotbar_1>
        <hotbar_3>
            <slot_9></slot_9>

        </hotbar_3>
        <hotbar_2>
            <slot_9></slot_9>

        </hotbar_2>

    </basic>

</hotbar>
