<hotbar>

    <basic>
        <hotbar_4>
            <slot_9></slot_9>

        </hotbar_4>
        <name>Basic</name>
        <hotbar_1>
            <slot_9></slot_9>

        </hotbar_1>
        <hotbar_3>
            <slot_6>
                <target>stpt</target>
                <type>ma</type>
                <action>Stona</action>
                <alias>Stona</alias>

            </slot_6>
            <slot_2>
                <target>me</target>
                <type>item</type>
                <action>Remedy</action>
                <alias>Remedy</alias>

            </slot_2>
            <slot_9></slot_9>
            <slot_5>
                <target>stpt</target>
                <type>ma</type>
                <action>Cursna</action>
                <alias>Cursna</alias>

            </slot_5>
            <slot_8>
                <target>me</target>
                <type>ja</type>
                <action>Sacrosanctity</action>
                <alias>Sacrosanctity</alias>

            </slot_8>
            <slot_7>
                <target>stpt</target>
                <type>ma</type>
                <action>Erase</action>
                <alias>Erase</alias>

            </slot_7>
            <slot_3>
                <target>stnpc</target>
                <type>ma</type>
                <action>Dia II</action>
                <alias>Dia II</alias>

            </slot_3>

        </hotbar_3>
        <hotbar_2>
            <slot_9></slot_9>

        </hotbar_2>

    </basic>

</hotbar>
