<hotbar>
    <job-default>
        <hotbar_4>
            <slot_6>
                <type>ma</type>
                <action>Boost-STR</action>
                <target>me</target>
                <alias>Boost-STR</alias>
                <source_environment>job-default</source_environment>

            </slot_6>
            <slot_9></slot_9>
            <slot_5>
                <type>ma</type>
                <action>Reraise IV</action>
                <target>me</target>
                <alias>Reraise IV</alias>
                <source_environment>job-default</source_environment>

            </slot_5>
            <slot_8>
                <type>ma</type>
                <action>Repose</action>
                <target>stnpc</target>
                <alias>Repose</alias>
                <source_environment>job-default</source_environment>

            </slot_8>
            <slot_7>
                <type>ma</type>
                <action>Banish</action>
                <target>stnpc</target>
                <alias>Banish</alias>
                <source_environment>job-default</source_environment>

            </slot_7>

        </hotbar_4>
        <name>Job Default</name>
        <hotbar_1>
            <slot_9></slot_9>
            <slot_7>
                <type>ma</type>
                <action>Auspice</action>
                <target>me</target>
                <alias>Auspice</alias>
                <source_environment>job-default</source_environment>

            </slot_7>
            <slot_6>
                <type>ma</type>
                <action>Aurorastorm</action>
                <target>me</target>
                <alias>Aurorastorm</alias>
                <source_environment>job-default</source_environment>

            </slot_6>
            <slot_1>
                <type>ja</type>
                <action>Sublimation</action>
                <target>me</target>
                <alias>Sublimation</alias>
                <source_environment>job-default</source_environment>

            </slot_1>
            <slot_4>
                <type>ja</type>
                <action>Sacrosanctity</action>
                <target>me</target>
                <alias>Sacrosanctity</alias>
                <source_environment>job-default</source_environment>

            </slot_4>
            <slot_5>
                <type>ma</type>
                <action>Barthundra</action>
                <target>me</target>
                <alias>Barthundra</alias>
                <source_environment>job-default</source_environment>

            </slot_5>
            <slot_8>
                <type>ma</type>
                <action>Haste</action>
                <target>stpc</target>
                <alias>Haste</alias>
                <source_environment>job-default</source_environment>

            </slot_8>
            <slot_2>
                <type>ja</type>
                <action>Devotion</action>
                <target>stpt</target>
                <alias>Devotion</alias>
                <source_environment>job-default</source_environment>

            </slot_2>
            <slot_3>
                <type>ja</type>
                <action>Accession</action>
                <target>me</target>
                <alias>Accession</alias>
                <source_environment>job-default</source_environment>

            </slot_3>

        </hotbar_1>
        <hotbar_3>
            <slot_9></slot_9>
            <slot_7>
                <type>ma</type>
                <action>Erase</action>
                <target>stpt</target>
                <alias>Erase</alias>
                <source_environment>job-default</source_environment>

            </slot_7>
            <slot_6>
                <type>ma</type>
                <action>Stona</action>
                <target>stpc</target>
                <alias>Stona</alias>
                <source_environment>job-default</source_environment>

            </slot_6>
            <slot_1>
                <type>item</type>
                <action>El. Pachira Fruit</action>
                <target>me</target>
                <alias>El. Pachira Fruit</alias>
                <source_environment>job-default</source_environment>

            </slot_1>
            <slot_4>
                <type>ma</type>
                <action>Arise</action>
                <target>stpc</target>
                <alias>Arise</alias>
                <source_environment>job-default</source_environment>

            </slot_4>
            <slot_5>
                <type>ma</type>
                <action>Cursna</action>
                <target>stpc</target>
                <alias>Cursna</alias>
                <source_environment>job-default</source_environment>

            </slot_5>
            <slot_8>
                <type>ja</type>
                <action>Divine Caress</action>
                <target>me</target>
                <alias>Divine Caress</alias>
                <source_environment>job-default</source_environment>

            </slot_8>
            <slot_2>
                <type>item</type>
                <action>Remedy</action>
                <target>me</target>
                <alias>Remedy</alias>
                <source_environment>job-default</source_environment>

            </slot_2>
            <slot_3>
                <type>ma</type>
                <action>Dia II</action>
                <target>stnpc</target>
                <alias>Dia II</alias>
                <source_environment>job-default</source_environment>

            </slot_3>

        </hotbar_3>
        <hotbar_2>
            <slot_9></slot_9>
            <slot_7>
                <type>ma</type>
                <action>Cure IV</action>
                <target>stpc</target>
                <alias>Cure IV</alias>
                <source_environment>job-default</source_environment>

            </slot_7>
            <slot_6>
                <type>ma</type>
                <action>Cure III</action>
                <target>stpc</target>
                <alias>Cure III</alias>
                <source_environment>job-default</source_environment>

            </slot_6>
            <slot_1>
                <type>ma</type>
                <action>Curaga IV</action>
                <target>stpt</target>
                <alias>Curaga IV</alias>
                <source_environment>job-default</source_environment>

            </slot_1>
            <slot_4>
                <type>ma</type>
                <action>Curaga III</action>
                <target>stpt</target>
                <alias>Curaga III</alias>
                <source_environment>job-default</source_environment>

            </slot_4>
            <slot_5>
                <type>ma</type>
                <action>Regen IV</action>
                <target>stpt</target>
                <alias>Regen IV</alias>
                <source_environment>job-default</source_environment>

            </slot_5>
            <slot_8>
                <type>ma</type>
                <action>Cure V</action>
                <target>stpc</target>
                <alias>Cure V</alias>
                <source_environment>job-default</source_environment>

            </slot_8>
            <slot_2>
                <type>ma</type>
                <action>Curaga II</action>
                <target>stpt</target>
                <alias>Curaga II</alias>
                <source_environment>job-default</source_environment>

            </slot_2>
            <slot_3>
                <type>ws</type>
                <action>Mystic Boon</action>
                <target>t</target>
                <alias>Mystic Boon</alias>
                <source_environment>job-default</source_environment>

            </slot_3>

        </hotbar_2>

    </job-default>

</hotbar>
