<hotbar>
    <qol>
        <hotbar_4>
            <slot_2></slot_2>
            <slot_7></slot_7>
            <slot_6></slot_6>
            <slot_1></slot_1>
            <slot_4></slot_4>
            <slot_5></slot_5>
            <slot_8></slot_8>
            <slot_9></slot_9>
            <slot_3></slot_3>

        </hotbar_4>
        <name>QOL</name>
        <hotbar_1>
            <slot_2></slot_2>
            <slot_7></slot_7>
            <slot_6></slot_6>
            <slot_1></slot_1>
            <slot_4></slot_4>
            <slot_5></slot_5>
            <slot_8></slot_8>
            <slot_9></slot_9>
            <slot_3></slot_3>

        </hotbar_1>
        <hotbar_3>
            <slot_2></slot_2>
            <slot_7></slot_7>
            <slot_6></slot_6>
            <slot_1></slot_1>
            <slot_4></slot_4>
            <slot_5></slot_5>
            <slot_8></slot_8>
            <slot_9></slot_9>
            <slot_3></slot_3>

        </hotbar_3>
        <hotbar_2>
            <slot_2></slot_2>
            <slot_7></slot_7>
            <slot_6></slot_6>
            <slot_1></slot_1>
            <slot_4>
                <target>stnpc</target>
                <type>item</type>
                <action>Mars Orb</action>
                <alias>Mars Orb</alias>

            </slot_4>
            <slot_5></slot_5>
            <slot_8></slot_8>
            <slot_9></slot_9>
            <slot_3></slot_3>

        </hotbar_2>

    </qol>
    <default>
        <hotbar_4>
            <slot_9></slot_9>

        </hotbar_4>
        <name>Default</name>
        <hotbar_1>
            <slot_9></slot_9>

        </hotbar_1>
        <hotbar_3>
            <slot_9></slot_9>

        </hotbar_3>
        <hotbar_2>
            <slot_9></slot_9>

        </hotbar_2>

    </default>
    <basic>
        <hotbar_4>
            <slot_5>
                <target>me</target>
                <type>ja</type>
                <action>Meditate</action>
                <alias>Meditate</alias>

            </slot_5>
            <slot_9></slot_9>

        </hotbar_4>
        <name>Basic</name>
        <hotbar_1>
            <slot_8>
                <target>t</target>
                <type>ws</type>
                <action>Steel Cyclone</action>
                <alias>Steel Cyclone</alias>

            </slot_8>
            <slot_9></slot_9>

        </hotbar_1>
        <hotbar_3>
            <slot_9></slot_9>

        </hotbar_3>
        <hotbar_2>
            <slot_1>
                <target>me</target>
                <type>ja</type>
                <action>Hasso</action>
                <alias>Hasso</alias>

            </slot_1>
            <slot_2>
                <target>me</target>
                <type>ja</type>
                <action>Sekkanoki</action>
                <alias>Sekkanoki</alias>

            </slot_2>
            <slot_9></slot_9>

        </hotbar_2>

    </basic>
    <extra>
        <hotbar_4>
            <slot_2></slot_2>
            <slot_7></slot_7>
            <slot_6></slot_6>
            <slot_1></slot_1>
            <slot_4></slot_4>
            <slot_5></slot_5>
            <slot_8></slot_8>
            <slot_9></slot_9>
            <slot_3></slot_3>

        </hotbar_4>
        <name>Extra</name>
        <hotbar_1>
            <slot_2></slot_2>
            <slot_7></slot_7>
            <slot_6></slot_6>
            <slot_1></slot_1>
            <slot_4></slot_4>
            <slot_5></slot_5>
            <slot_8></slot_8>
            <slot_9></slot_9>
            <slot_3></slot_3>

        </hotbar_1>
        <hotbar_3>
            <slot_2></slot_2>
            <slot_7></slot_7>
            <slot_6></slot_6>
            <slot_1></slot_1>
            <slot_4></slot_4>
            <slot_5></slot_5>
            <slot_8></slot_8>
            <slot_9></slot_9>
            <slot_3></slot_3>

        </hotbar_3>
        <hotbar_2>
            <slot_2></slot_2>
            <slot_7>
                <target>t</target>
                <type>ws</type>
                <action>Stardiver</action>
                <alias>Stardiver</alias>

            </slot_7>
            <slot_6>
                <target>t</target>
                <type>ws</type>
                <action>Impulse Drive</action>
                <alias>Impulse Drive</alias>

            </slot_6>
            <slot_1></slot_1>
            <slot_4></slot_4>
            <slot_5></slot_5>
            <slot_8>
                <target>t</target>
                <type>ws</type>
                <action>Sonic Thrust</action>
                <alias>Sonic Thrust</alias>

            </slot_8>
            <slot_9></slot_9>
            <slot_3></slot_3>

        </hotbar_2>

    </extra>
    <fencer>
        <hotbar_4>
            <slot_2></slot_2>
            <slot_7></slot_7>
            <slot_6></slot_6>
            <slot_3></slot_3>
            <slot_4></slot_4>
            <slot_5></slot_5>
            <slot_8></slot_8>
            <slot_9></slot_9>
            <slot_1></slot_1>

        </hotbar_4>
        <name>Fencer</name>
        <hotbar_1>
            <slot_2></slot_2>
            <slot_7></slot_7>
            <slot_6></slot_6>
            <slot_3></slot_3>
            <slot_4></slot_4>
            <slot_5></slot_5>
            <slot_8></slot_8>
            <slot_9></slot_9>
            <slot_1></slot_1>

        </hotbar_1>
        <hotbar_3>
            <slot_2></slot_2>
            <slot_7></slot_7>
            <slot_6>
                <target>t</target>
                <type>ws</type>
                <action>Black Halo</action>
                <alias>Black Halo</alias>

            </slot_6>
            <slot_3></slot_3>
            <slot_4></slot_4>
            <slot_5></slot_5>
            <slot_8></slot_8>
            <slot_9></slot_9>
            <slot_1></slot_1>

        </hotbar_3>
        <hotbar_2>
            <slot_2></slot_2>
            <slot_7>
                <target>t</target>
                <type>ws</type>
                <action>Decimation</action>
                <alias>Decimation</alias>

            </slot_7>
            <slot_6>
                <target>t</target>
                <type>ws</type>
                <action>Judgment</action>
                <alias>Judgment</alias>

            </slot_6>
            <slot_3></slot_3>
            <slot_4></slot_4>
            <slot_5>
                <target>t</target>
                <type>ws</type>
                <action>Savage Blade</action>
                <alias>Savage Blade</alias>

            </slot_5>
            <slot_8>
                <target>t</target>
                <type>ws</type>
                <action>Mistral Axe</action>
                <alias>Mistral Axe</alias>

            </slot_8>
            <slot_9></slot_9>
            <slot_1></slot_1>

        </hotbar_2>

    </fencer>

</hotbar>
