<hotbar>
    <job-default>
        <hotbar_4>
            <slot_6>
                <type>ja</type>
                <action>Sekkanoki</action>
                <target>me</target>
                <alias>Sekkanoki</alias>
                <source_environment>job-default</source_environment>

            </slot_6>
            <slot_9></slot_9>
            <slot_7>
                <type>ja</type>
                <action>Hasso</action>
                <target>me</target>
                <alias>Hasso</alias>
                <source_environment>job-default</source_environment>

            </slot_7>
            <slot_8>
                <type>ja</type>
                <action>Warding Circle</action>
                <target>me</target>
                <alias>Warding Circle</alias>
                <source_environment>job-default</source_environment>

            </slot_8>
            <slot_2>
                <type>item</type>
                <action>Remedy</action>
                <target>me</target>
                <alias>Remedy</alias>
                <source_environment>job-default</source_environment>

            </slot_2>

        </hotbar_4>
        <name>Job Default</name>
        <hotbar_1>
            <slot_6>
                <type>ws</type>
                <action>Fell Cleave</action>
                <target>t</target>
                <alias>Fell Cleave</alias>
                <source_environment>job-default</source_environment>

            </slot_6>
            <slot_9></slot_9>
            <slot_7>
                <type>ws</type>
                <action>Steel Cyclone</action>
                <target>t</target>
                <alias>Steel Cyclone</alias>
                <source_environment>job-default</source_environment>

            </slot_7>
            <slot_4>
                <type>ja</type>
                <action>Berserk</action>
                <target>me</target>
                <alias>Berserk</alias>
                <source_environment>job-default</source_environment>

            </slot_4>
            <slot_2>
                <type>ja</type>
                <action>Retaliation</action>
                <target>me</target>
                <alias>Retaliation</alias>
                <source_environment>job-default</source_environment>

            </slot_2>

        </hotbar_1>
        <hotbar_3>
            <slot_1>
                <type>item</type>
                <action>El. Pachira Fruit</action>
                <target>me</target>
                <alias>El. Pachira Fruit</alias>
                <source_environment>job-default</source_environment>

            </slot_1>
            <slot_6>
                <type>ws</type>
                <action>Ukko&apos;s Fury</action>
                <target>t</target>
                <alias>Ukko&apos;s Fury</alias>
                <source_environment>job-default</source_environment>

            </slot_6>
            <slot_7>
                <type>ja</type>
                <action>Seigan</action>
                <target>me</target>
                <alias>Seigan</alias>
                <source_environment>job-default</source_environment>

            </slot_7>
            <slot_9></slot_9>
            <slot_5>
                <type>ja</type>
                <action>Tomahawk</action>
                <target>stnpc</target>
                <alias>Tomahawk</alias>
                <source_environment>job-default</source_environment>

            </slot_5>
            <slot_8>
                <type>ja</type>
                <action>Third Eye</action>
                <target>me</target>
                <alias>Third Eye</alias>
                <source_environment>job-default</source_environment>

            </slot_8>
            <slot_2>
                <type>item</type>
                <action>Remedy</action>
                <target>me</target>
                <alias>Remedy</alias>
                <source_environment>job-default</source_environment>

            </slot_2>
            <slot_3>
                <type>ja</type>
                <action>Provoke</action>
                <target>stnpc</target>
                <alias>Provoke</alias>
                <source_environment>job-default</source_environment>

            </slot_3>

        </hotbar_3>
        <hotbar_2>
            <slot_6>
                <type>ws</type>
                <action>King&apos;s Justice</action>
                <target>t</target>
                <alias>King&apos;s Justice</alias>
                <source_environment>job-default</source_environment>

            </slot_6>
            <slot_5>
                <type>ws</type>
                <action>Raging Rush</action>
                <target>t</target>
                <alias>Raging Rush</alias>
                <source_environment>job-default</source_environment>

            </slot_5>
            <slot_9></slot_9>
            <slot_7>
                <type>ws</type>
                <action>Upheaval</action>
                <target>t</target>
                <alias>Upheaval</alias>
                <source_environment>job-default</source_environment>

            </slot_7>
            <slot_8>
                <type>ws</type>
                <action>Full Break</action>
                <target>t</target>
                <alias>Full Break</alias>
                <source_environment>job-default</source_environment>

            </slot_8>
            <slot_4>
                <type>ja</type>
                <action>Blood Rage</action>
                <target>me</target>
                <alias>Blood Rage</alias>
                <source_environment>job-default</source_environment>

            </slot_4>
            <slot_3>
                <type>ja</type>
                <action>Warcry</action>
                <target>me</target>
                <alias>Warcry</alias>
                <source_environment>job-default</source_environment>

            </slot_3>

        </hotbar_2>

    </job-default>

</hotbar>
